id,first_name,last_name,email,gender,ip_address,car_make,car_year
1,Courtney,Pellamont,cpellamont0@prnewswire.com,Male,20.53.34.224,BMW,2006
2,Kirsteni,McGerr,kmcgerr1@mozilla.org,Female,251.181.213.24,Mitsubishi,1993
3,Craggy,Broyd,cbroyd2@mtv.com,Male,126.5.131.29,Mitsubishi,2001
4,Margareta,Garett,mgarett3@stanford.edu,Female,1.136.39.227,Nissan,2012
5,Nevins,Ledekker,nledekker4@dropbox.com,Male,255.79.251.183,Ford,1994
6,Torrance,Fishley,tfishley5@theglobeandmail.com,Male,111.54.152.100,Mercedes-Benz,2010
7,Lynnell,Boyford,lboyford6@chicagotribune.com,Non-binary,124.24.180.55,Volkswagen,1976
8,Nannette,Dunbobin,ndunbobin7@cnet.com,Agender,14.208.78.89,Audi,2004
9,Waiter,Aingel,waingel8@arstechnica.com,Genderqueer,135.124.243.85,GMC,1994
10,Jessi,Izsak,jizsak9@umich.edu,Female,56.156.176.78,Suzuki,1996
11,Lambert,Gosalvez,lgosalveza@ocn.ne.jp,Male,47.9.164.75,BMW,1992
12,Farrell,Bourrel,fbourrelb@privacy.gov.au,Male,159.160.63.110,Toyota,2004
13,Erasmus,Callington,ecallingtonc@furl.net,Male,167.227.219.94,Nissan,2008
14,Kim,Maccrie,kmaccried@columbia.edu,Genderqueer,67.18.79.70,Oldsmobile,2000
15,Cairistiona,Brandolini,cbrandolinie@dion.ne.jp,Female,107.16.28.77,Porsche,2005
16,Guillema,Boughtwood,gboughtwoodf@nifty.com,Female,244.122.125.124,Land Rover,2006
17,Loydie,Vines,lvinesg@dell.com,Male,73.231.126.153,Mitsubishi,2006
18,De,Ramage,dramageh@nymag.com,Female,75.118.116.182,Volkswagen,2009
19,Jeremie,Georgievski,jgeorgievskii@github.com,Male,178.224.39.183,Chevrolet,1996
20,Ania,Sahnow,asahnowj@i2i.jp,Female,65.253.241.134,Jaguar,2003
21,Burton,Terbrug,bterbrugk@jugem.jp,Male,128.83.11.131,Dodge,2008
22,Joeann,De Vaar,jdevaarl@cbsnews.com,Female,190.97.210.204,Aston Martin,2006
23,Rick,Plowright,rplowrightm@yellowpages.com,Male,147.194.9.176,Hyundai,2011
24,Marven,Studdard,mstuddardn@toplist.cz,Male,157.126.134.94,Dodge,2008
25,Caspar,Igoe,cigoeo@amazon.co.uk,Male,243.176.164.137,Nissan,2010
26,Sisely,Axelby,saxelbyp@jimdo.com,Female,40.91.45.152,Suzuki,1993
27,Lucius,Volcker,lvolckerq@example.com,Male,243.185.110.231,Toyota,2000
28,Alard,Crannage,acrannager@ed.gov,Male,146.92.167.161,BMW,2010
29,Otto,McCluney,omccluneys@goodreads.com,Male,22.123.10.27,Porsche,1995
30,Tuck,McCall,tmccallt@ask.com,Male,147.47.246.24,Toyota,2006
31,Lurette,Emmanuele,lemmanueleu@nymag.com,Genderqueer,140.90.149.97,Toyota,2008
32,Lynnelle,Currell,lcurrellv@unesco.org,Female,163.2.133.56,Toyota,2005
33,Shaw,Wipper,swipperw@salon.com,Male,136.193.177.245,Pontiac,1990
34,Jarrod,Boddie,jboddiex@123-reg.co.uk,Male,225.14.61.104,Chevrolet,2012
35,Currey,Favill,cfavilly@boston.com,Male,44.104.88.71,BMW,1995
36,Edita,Abrahmson,eabrahmsonz@cpanel.net,Female,189.212.224.33,Porsche,2009
37,Ephrem,Archbutt,earchbutt10@vimeo.com,Male,18.107.12.233,Chevrolet,2005
38,Boy,Kinnaird,bkinnaird11@is.gd,Male,146.80.160.109,Pontiac,1978
39,Samantha,Durran,sdurran12@gravatar.com,Female,30.29.143.36,Toyota,2001
40,Gino,MacCroary,gmaccroary13@hp.com,Male,182.97.67.182,Honda,1998
41,Jordana,Jirusek,jjirusek14@jugem.jp,Female,63.145.42.218,Mazda,1995
42,Sayers,Wathen,swathen15@cpanel.net,Male,108.58.3.157,Chevrolet,1964
43,Audre,Arlott,aarlott16@google.es,Female,97.164.150.47,Dodge,1993
44,Orland,Argont,oargont17@sitemeter.com,Male,211.187.91.122,Toyota,2004
45,Nettle,Rubery,nrubery18@berkeley.edu,Female,50.31.190.46,Lexus,2005
46,Cullen,Ames,cames19@seattletimes.com,Male,150.168.65.246,Isuzu,1998
47,Helen,Bembrigg,hbembrigg1a@ftc.gov,Female,95.121.7.116,Hyundai,1995
48,Hale,Kynan,hkynan1b@i2i.jp,Male,42.28.122.6,BMW,2006
49,Filippa,Pyser,fpyser1c@phoca.cz,Female,225.29.192.234,Suzuki,2003
50,Caprice,Osselton,cosselton1d@hugedomains.com,Female,105.228.121.233,Chrysler,2001
51,Miguela,Gilvary,mgilvary1e@simplemachines.org,Female,240.205.157.144,Jaguar,1999
52,Tonye,Lively,tlively1f@omniture.com,Female,59.25.172.170,Rolls-Royce,2006
53,Malinde,Guilloud,mguilloud1g@friendfeed.com,Polygender,82.149.116.200,Buick,2001
54,Adan,McDonnell,amcdonnell1h@lycos.com,Female,107.75.22.192,BMW,2000
55,Collete,Sellar,csellar1i@meetup.com,Female,35.33.148.24,Ford,2006
56,Royal,Moores,rmoores1j@tuttocitta.it,Male,231.157.0.190,Hyundai,2008
57,Harley,Knevett,hknevett1k@jimdo.com,Female,35.10.157.14,Lincoln,1992
58,Findlay,Clist,fclist1l@abc.net.au,Male,185.34.86.17,Ford,2003
59,Liane,Ralton,lralton1m@t-online.de,Female,99.0.37.124,Chrysler,2006
60,Forster,Ludl,fludl1n@house.gov,Male,114.76.48.103,GMC,2012
61,Vitia,Brundle,vbrundle1o@usnews.com,Female,229.115.218.173,Audi,1990
62,Meris,MacGaughie,mmacgaughie1p@example.com,Genderfluid,84.55.150.6,Subaru,2009
63,Barbi,Hamnett,bhamnett1q@etsy.com,Female,45.39.37.99,Dodge,2009
64,Joellen,Brundall,jbrundall1r@un.org,Female,109.191.16.9,Chevrolet,1992
65,Elsey,Topham,etopham1s@harvard.edu,Female,117.24.247.24,Dodge,1993
66,Kiley,Sharply,ksharply1t@artisteer.com,Genderqueer,71.235.195.225,Lincoln,1989
67,Daisey,Boxer,dboxer1u@npr.org,Genderqueer,180.150.191.134,Infiniti,2001
68,Willetta,Seydlitz,wseydlitz1v@un.org,Female,183.230.165.233,Chevrolet,2003
69,Perl,Rosell,prosell1w@paginegialle.it,Female,79.111.156.36,GMC,1994
70,Tatum,Dmitriev,tdmitriev1x@drupal.org,Female,31.215.153.217,Saturn,2006
71,Quinta,Cream,qcream1y@cnbc.com,Female,237.196.141.109,Plymouth,1978
72,Maurie,Fosberry,mfosberry1z@free.fr,Male,181.128.165.116,Ford,2011
73,Rolf,Betjes,rbetjes20@ovh.net,Male,120.54.53.117,Ford,1979
74,Coleman,Benka,cbenka21@printfriendly.com,Male,224.210.231.62,Pontiac,2007
75,Herold,Philipson,hphilipson22@hc360.com,Bigender,53.26.95.25,Infiniti,2010
76,Mame,Simonyi,msimonyi23@liveinternet.ru,Female,220.56.233.185,Ford,1988
77,Dynah,Lenihan,dlenihan24@examiner.com,Female,197.18.14.56,Volvo,2001
78,Dal,Middlemiss,dmiddlemiss25@joomla.org,Male,127.101.146.197,Hummer,2006
79,Bastien,Sugarman,bsugarman26@fda.gov,Male,29.53.104.237,Honda,2006
80,Annaliese,Hayworth,ahayworth27@cnbc.com,Female,23.217.207.240,Lotus,1991
81,Winne,Cokely,wcokely28@nyu.edu,Female,123.131.244.81,Toyota,1992
82,Elnore,Kwietek,ekwietek29@chronoengine.com,Female,54.255.183.108,Chevrolet,2010
83,Darnell,Dignan,ddignan2a@mit.edu,Male,18.187.224.199,Ford,2004
84,Chance,Beedell,cbeedell2b@omniture.com,Male,232.37.245.143,Land Rover,1994
85,Arther,Pigeon,apigeon2c@intel.com,Male,114.218.242.39,Chevrolet,1996
86,Joscelin,Garfirth,jgarfirth2d@trellian.com,Female,228.185.254.41,Audi,2002
87,Car,Bedson,cbedson2e@wikispaces.com,Polygender,65.229.96.33,Buick,1988
88,Dulci,Varvell,dvarvell2f@rakuten.co.jp,Female,21.211.142.51,Plymouth,1996
89,Ringo,Frift,rfrift2g@artisteer.com,Male,234.133.215.231,Pontiac,1996
90,Fanni,Mapledoore,fmapledoore2h@artisteer.com,Female,215.23.150.53,Jaguar,2006
91,Erika,Ryton,eryton2i@imageshack.us,Female,2.100.133.176,Volkswagen,2009
92,Randi,Dacombe,rdacombe2j@1688.com,Male,121.83.125.16,Ford,2012
93,Berta,Prujean,bprujean2k@de.vu,Polygender,95.175.83.173,Ford,1995
94,Payton,Loynton,ploynton2l@tinyurl.com,Male,102.201.154.225,Buick,1999
95,Bartholomew,Sailes,bsailes2m@nyu.edu,Male,25.181.11.210,Plymouth,1998
96,Karilynn,Finlason,kfinlason2n@blogspot.com,Female,215.94.5.186,Kia,2008
97,Cornelius,Critten,ccritten2o@arstechnica.com,Male,137.163.65.90,Volvo,2000
98,Odetta,Ocheltree,oocheltree2p@addtoany.com,Female,146.152.70.82,Lexus,2011
99,Gene,Lay,glay2q@homestead.com,Male,240.171.151.221,BMW,2004
100,Isis,Lishman,ilishman2r@twitpic.com,Female,254.219.24.60,Mercedes-Benz,2012
101,Thebault,Jansen,tjansen2s@geocities.jp,Male,222.119.98.169,Saab,2010
102,Tallou,Beebee,tbeebee2t@hud.gov,Female,23.94.170.5,Chrysler,1993
103,Morgan,Stealfox,mstealfox2u@nps.gov,Female,57.136.161.143,Mitsubishi,1987
104,Blair,Smissen,bsmissen2v@multiply.com,Male,176.86.254.54,BMW,1992
105,Gregorius,Antonignetti,gantonignetti2w@ihg.com,Male,108.47.243.182,Jeep,2008
106,Kirstin,Pietzker,kpietzker2x@google.fr,Female,79.131.31.151,Toyota,2003
107,Udell,McHugh,umchugh2y@fda.gov,Male,252.14.235.109,Hummer,2009
108,Vachel,Silverwood,vsilverwood2z@google.cn,Male,247.231.140.59,Lincoln,2004
109,Daren,Huthart,dhuthart30@bing.com,Male,19.243.220.5,Pontiac,1968
110,Gareth,Chicchetto,gchicchetto31@buzzfeed.com,Male,84.94.177.130,Honda,2002
111,Broderick,Udy,budy32@dyndns.org,Male,159.218.163.115,Land Rover,2006
112,Willabella,Trymme,wtrymme33@facebook.com,Female,118.49.209.224,Chevrolet,1994
113,Wanids,Killwick,wkillwick34@stumbleupon.com,Genderqueer,235.222.125.130,Mercury,2003
114,Terrijo,MacCumiskey,tmaccumiskey35@acquirethisname.com,Female,93.151.145.233,Honda,1986
115,Grady,Grizard,ggrizard36@vkontakte.ru,Male,196.11.107.207,Pontiac,1999
116,Adlai,Kieff,akieff37@pagesperso-orange.fr,Male,192.186.121.117,Aston Martin,2008
117,Butch,Crecy,bcrecy38@skype.com,Male,220.250.93.117,Dodge,1998
118,Maris,Cuchey,mcuchey39@technorati.com,Female,16.138.228.140,Buick,1994
119,Auroora,Stollsteimer,astollsteimer3a@wp.com,Agender,88.201.176.212,Lexus,2009
120,Kippy,Riches,kriches3b@theglobeandmail.com,Male,123.241.129.211,Ford,1984
121,Sandy,Dallywater,sdallywater3c@craigslist.org,Male,197.220.88.57,Volkswagen,2002
122,Francois,Parton,fparton3d@pagesperso-orange.fr,Male,71.69.219.146,GMC,2000
123,Solly,Dunbobbin,sdunbobbin3e@jigsy.com,Male,9.14.248.146,Isuzu,2008
124,Bronnie,Hinkens,bhinkens3f@yellowbook.com,Male,252.40.23.68,Dodge,2011
125,Emmy,Buessen,ebuessen3g@joomla.org,Female,77.183.19.100,Lamborghini,2012
126,Vladamir,Merricks,vmerricks3h@pbs.org,Male,78.40.144.177,Volvo,2010
127,Debbi,Howel,dhowel3i@sciencedaily.com,Female,200.185.171.99,Pontiac,1987
128,Debbie,Riatt,driatt3j@infoseek.co.jp,Female,123.68.106.150,MINI,2005
129,Dosi,Aylin,daylin3k@clickbank.net,Genderqueer,23.106.202.223,Volkswagen,1991
130,Ber,Winram,bwinram3l@bluehost.com,Male,250.33.130.151,Nissan,2011
131,Yetty,Lefeaver,ylefeaver3m@ow.ly,Female,205.249.137.183,Ford,2010
132,Mahmud,Statefield,mstatefield3n@godaddy.com,Male,117.51.183.52,Mercedes-Benz,2008
133,Cathlene,Scattergood,cscattergood3o@netlog.com,Female,52.19.188.160,Nissan,1992
134,Gillie,Niesegen,gniesegen3p@aol.com,Female,176.128.247.209,Suzuki,2011
135,Marcellina,Twittey,mtwittey3q@ycombinator.com,Female,181.166.250.89,Toyota,1995
136,Jodie,Blancowe,jblancowe3r@behance.net,Male,154.163.114.142,Mercury,2004
137,Norma,McCarney,nmccarney3s@hc360.com,Female,101.161.94.99,Chrysler,2000
138,Britteny,Lammin,blammin3t@oakley.com,Female,149.0.223.136,Chevrolet,2012
139,Earlie,Nealey,enealey3u@hostgator.com,Male,132.37.201.0,Chevrolet,1997
140,Laureen,Stormont,lstormont3v@diigo.com,Female,218.233.115.152,Porsche,2008
141,Viki,McCulley,vmcculley3w@facebook.com,Genderqueer,167.17.207.2,Mitsubishi,1996
142,Natalie,Sowrah,nsowrah3x@simplemachines.org,Female,92.47.67.93,GMC,1998
143,Cloris,Zaple,czaple3y@wikipedia.org,Bigender,21.1.238.190,Honda,2006
144,Jania,Chung,jchung3z@ucsd.edu,Female,178.11.55.5,Austin,1964
145,Bevvy,Pallant,bpallant40@twitpic.com,Female,77.79.47.11,Kia,2005
146,Donia,Paine,dpaine41@wired.com,Female,19.98.123.39,Volkswagen,2001
147,Valeda,Eberle,veberle42@cam.ac.uk,Female,31.222.138.187,Toyota,2007
148,Franklin,McMorland,fmcmorland43@comcast.net,Male,163.123.164.185,Ford,2011
149,Cristy,Colliford,ccolliford44@narod.ru,Genderqueer,59.125.87.177,Kia,2007
150,Chicky,Simmings,csimmings45@gizmodo.com,Male,173.129.146.72,GMC,2011
151,Celestina,McIlmorie,cmcilmorie46@huffingtonpost.com,Female,77.140.11.64,Mazda,2004
152,Stefa,Medlicott,smedlicott47@nature.com,Agender,102.125.224.93,Honda,2011
153,Bank,Deinhard,bdeinhard48@ocn.ne.jp,Male,44.99.118.89,Mercury,1988
154,Enid,Petyakov,epetyakov49@springer.com,Female,171.168.156.207,Lexus,2003
155,Jeri,Timpany,jtimpany4a@mayoclinic.com,Female,184.113.114.241,Mazda,2012
156,Alexia,Archbould,aarchbould4b@ca.gov,Female,241.82.242.251,Volvo,1994
157,Devin,Borrington,dborrington4c@edublogs.org,Female,226.116.80.126,Toyota,2011
158,Maire,Kobpac,mkobpac4d@reuters.com,Female,206.118.19.128,Volvo,2008
159,Ludvig,Mabe,lmabe4e@topsy.com,Male,107.57.195.201,Buick,1990
160,Bernie,Evetts,bevetts4f@digg.com,Female,168.252.204.84,GMC,2002
161,Frances,Freke,ffreke4g@ucoz.ru,Female,66.186.37.53,Maserati,1991
162,Kristin,Marchington,kmarchington4h@google.de,Female,127.223.16.218,Audi,2011
163,Gavra,Broader,gbroader4i@fastcompany.com,Female,213.11.225.180,Isuzu,2002
164,Megan,Brosetti,mbrosetti4j@uol.com.br,Female,140.18.177.99,Mercedes-Benz,2003
165,Lefty,Kuhl,lkuhl4k@jimdo.com,Male,13.44.1.14,Buick,1998
166,Hayes,Elnough,helnough4l@xinhuanet.com,Male,71.113.21.67,Porsche,2008
167,Johannes,Bogaert,jbogaert4m@a8.net,Male,61.30.180.179,Mercury,1987
168,Tymothy,Caddan,tcaddan4n@techcrunch.com,Male,57.249.69.89,GMC,2005
169,Teresa,Bertelsen,tbertelsen4o@ucoz.ru,Female,205.231.132.145,Honda,2008
170,Mac,Gennrich,mgennrich4p@blog.com,Genderfluid,25.153.49.1,Toyota,2008
171,Barbee,Hadenton,bhadenton4q@ftc.gov,Female,164.190.52.96,Land Rover,2012
172,Astrid,Tagg,atagg4r@github.com,Female,12.189.236.150,Volkswagen,2005
173,Corby,Rubertis,crubertis4s@ow.ly,Male,7.244.223.247,Volvo,1996
174,Lilia,Ambrogioli,lambrogioli4t@canalblog.com,Female,16.124.34.210,Toyota,2007
175,Belicia,Eilhart,beilhart4u@ocn.ne.jp,Female,137.0.27.146,Chevrolet,2003
176,Ingram,Littley,ilittley4v@odnoklassniki.ru,Male,2.211.200.213,BMW,2006
177,Anson,Rucklesse,arucklesse4w@miitbeian.gov.cn,Male,240.89.221.125,Mazda,1989
178,Morten,Martello,mmartello4x@fastcompany.com,Non-binary,76.142.152.96,Ford,1994
179,Brigitte,Mee,bmee4y@indiatimes.com,Female,31.149.31.84,Mercedes-Benz,2006
180,Caspar,Duthy,cduthy4z@ihg.com,Male,168.72.30.97,Hyundai,2007
181,Josephine,Doidge,jdoidge50@lulu.com,Agender,233.49.7.246,Suzuki,1986
182,Elspeth,Braidley,ebraidley51@wikia.com,Female,16.105.64.93,Bentley,2008
183,Denney,Golborn,dgolborn52@foxnews.com,Male,5.43.29.158,Mercury,2011
184,Adolphe,Sorro,asorro53@marketwatch.com,Male,114.159.70.142,Toyota,2000
185,Jervis,Roubay,jroubay54@smh.com.au,Male,40.90.97.153,Suzuki,2006
186,Vernen,Faircloth,vfaircloth55@unicef.org,Male,35.135.221.181,Cadillac,1992
187,Christen,Costa,ccosta56@who.int,Female,22.230.220.44,Lexus,2010
188,Giana,Rubinshtein,grubinshtein57@edublogs.org,Female,206.194.51.167,Pontiac,1967
189,Morganne,Enrdigo,menrdigo58@jimdo.com,Female,152.17.176.181,Porsche,2008
190,Cornela,Dugood,cdugood59@wunderground.com,Female,235.121.166.113,Plymouth,1999
191,Eadith,Germain,egermain5a@reverbnation.com,Female,249.89.27.242,Lexus,2011
192,Chev,Archibald,carchibald5b@imageshack.us,Male,134.107.230.174,Lexus,1993
193,Morgana,Marlin,mmarlin5c@example.com,Female,118.219.129.18,Porsche,1991
194,Carmella,Sture,csture5d@reference.com,Female,123.52.209.204,Chevrolet,1994
195,Natty,Coleby,ncoleby5e@yolasite.com,Male,207.159.191.31,Cadillac,2003
196,Erich,Heaphy,eheaphy5f@examiner.com,Male,239.93.61.154,Honda,1999
197,Coleman,Loache,cloache5g@ox.ac.uk,Male,12.19.215.58,Saturn,2008
198,Hurleigh,Hairsnape,hhairsnape5h@example.com,Male,82.48.8.39,Dodge,2005
199,Warde,Rendell,wrendell5i@desdev.cn,Male,230.118.244.60,Volkswagen,1991
200,Lonny,Heintsch,lheintsch5j@youtube.com,Male,204.250.123.92,Ford,1995
201,Carmen,Barthrup,cbarthrup5k@bandcamp.com,Female,176.210.185.38,Hummer,2003
202,Davina,Kealy,dkealy5l@ibm.com,Non-binary,64.63.211.221,Audi,1999
203,Irena,Toft,itoft5m@nifty.com,Female,67.21.246.240,Chevrolet,2009
204,Alexandro,Van der Krui,avanderkrui5n@unblog.fr,Male,41.28.28.88,Buick,1988
205,Ernie,Merrell,emerrell5o@ustream.tv,Male,27.148.206.68,Ford,2003
206,Ryley,Tomaskunas,rtomaskunas5p@geocities.com,Male,125.80.122.57,Honda,2004
207,Francklin,Cadlock,fcadlock5q@columbia.edu,Male,153.9.43.254,Mazda,1993
208,Daniella,Wallege,dwallege5r@newyorker.com,Female,105.26.238.99,Volkswagen,2008
209,Cathie,Turton,cturton5s@addthis.com,Female,102.57.251.132,Honda,2003
210,Franz,McCrea,fmccrea5t@europa.eu,Male,209.127.217.178,BMW,2007
211,Jeremie,Kayley,jkayley5u@twitpic.com,Genderfluid,19.236.33.159,Chevrolet,2011
212,Gayel,Sirett,gsirett5v@engadget.com,Female,246.194.76.193,Pontiac,1989
213,Sharla,d' Elboux,sdelboux5w@reuters.com,Female,210.106.228.126,Mercedes-Benz,1993
214,Jenny,Wozencraft,jwozencraft5x@princeton.edu,Female,125.242.12.21,Maybach,2005
215,Nickolaus,Hansbury,nhansbury5y@friendfeed.com,Male,23.137.128.177,Ford,1997
216,Lianne,Fennessy,lfennessy5z@usatoday.com,Female,205.108.142.58,Mitsubishi,1996
217,Bryanty,Castellucci,bcastellucci60@usda.gov,Male,154.149.178.253,Mitsubishi,1993
218,Dermot,Hothersall,dhothersall61@wikipedia.org,Male,102.158.179.206,Land Rover,1993
219,Kerianne,Haskew,khaskew62@topsy.com,Female,16.164.142.35,Chevrolet,2003
220,Nathaniel,Roycroft,nroycroft63@google.it,Non-binary,33.237.133.203,Lincoln,2011
221,Inness,Ketchaside,iketchaside64@hostgator.com,Male,51.152.124.108,Oldsmobile,1995
222,Raeann,Ayrton,rayrton65@pinterest.com,Genderqueer,126.16.74.111,Oldsmobile,1998
223,Devin,Busson,dbusson66@flickr.com,Male,43.65.118.182,Dodge,1994
224,Hagen,Ticehurst,hticehurst67@arizona.edu,Male,129.137.101.235,Saab,2005
225,Lira,Bustin,lbustin68@dmoz.org,Female,39.241.2.183,Toyota,2006
226,Trev,Johnson,tjohnson69@mozilla.org,Male,76.232.130.251,Volvo,2000
227,Nichol,Extil,nextil6a@ebay.co.uk,Polygender,107.238.77.180,Honda,2012
228,Kyrstin,Yashaev,kyashaev6b@google.com,Bigender,129.64.138.9,Toyota,2005
229,Rena,Tassaker,rtassaker6c@hatena.ne.jp,Genderfluid,140.45.28.173,GMC,2004
230,Eleonora,Millbank,emillbank6d@webeden.co.uk,Female,32.200.155.18,Saturn,2009
231,Demetrius,Lannen,dlannen6e@tripod.com,Male,92.215.205.161,Volkswagen,2009
232,Tani,Devanny,tdevanny6f@youtube.com,Female,128.246.112.30,Lexus,1995
233,Desi,Mantle,dmantle6g@mtv.com,Male,51.255.226.38,Mazda,1999
234,Lauritz,Kurtis,lkurtis6h@mozilla.com,Male,161.223.116.224,GMC,2011
235,Ringo,Bimrose,rbimrose6i@over-blog.com,Male,160.179.152.40,Hyundai,2004
236,Joachim,Bussen,jbussen6j@icq.com,Male,8.97.224.100,Mazda,1993
237,Lauraine,Falkinder,lfalkinder6k@wisc.edu,Female,250.246.122.98,Infiniti,1995
238,Frederick,Francais,ffrancais6l@constantcontact.com,Male,149.125.69.88,Chevrolet,1993
239,Willard,Sacker,wsacker6m@technorati.com,Male,129.59.28.223,Chevrolet,1995
240,Helyn,Mosson,hmosson6n@chron.com,Female,242.156.123.114,Oldsmobile,2004
241,Everard,Giff,egiff6o@dropbox.com,Male,232.0.0.79,Ford,1986
242,Jenna,Raithby,jraithby6p@adobe.com,Female,14.31.158.162,Toyota,2010
243,Dougie,Lomen,dlomen6q@constantcontact.com,Male,254.172.214.208,Mercedes-Benz,2004
244,Gigi,Shurrocks,gshurrocks6r@kickstarter.com,Female,148.26.76.100,Chevrolet,1968
245,Raynell,Mongain,rmongain6s@google.de,Female,62.176.113.123,Honda,2009
246,Terrel,Dingwall,tdingwall6t@prweb.com,Male,151.4.179.88,Mercury,1991
247,Flossie,Wickersham,fwickersham6u@google.ru,Female,230.170.59.218,Mazda,1998
248,Rusty,Delacoste,rdelacoste6v@themeforest.net,Male,172.99.250.75,Hyundai,1995
249,Francesco,Arter,farter6w@typepad.com,Male,163.160.172.51,GMC,2011
250,Simmonds,Gyves,sgyves6x@chronoengine.com,Male,147.119.210.39,Toyota,2010
251,Alessandra,Goodding,agoodding6y@wordpress.org,Female,150.177.65.207,Volkswagen,2000
252,Paula,Raybould,praybould6z@vkontakte.ru,Female,208.172.108.28,Mercedes-Benz,2010
253,Harv,Isgar,hisgar70@dailymotion.com,Male,196.144.30.113,Chevrolet,1994
254,Yancy,Coughlan,ycoughlan71@xinhuanet.com,Male,93.117.31.200,Ford,1997
255,Cassius,Fruin,cfruin72@chronoengine.com,Male,79.0.36.228,Chevrolet,2009
256,Haily,Stanborough,hstanborough73@unc.edu,Male,175.229.121.132,Nissan,2010
257,Rici,Okenden,rokenden74@slashdot.org,Female,248.96.49.20,Pontiac,2010
258,Jamima,Leatham,jleatham75@geocities.com,Female,5.35.116.253,Mercedes-Benz,2011
259,Pattie,Waker,pwaker76@columbia.edu,Female,109.235.254.239,GMC,1993
260,Max,Roubeix,mroubeix77@telegraph.co.uk,Male,29.39.147.148,Ford,1989
261,Gleda,Tzuker,gtzuker78@oakley.com,Polygender,38.163.192.166,Infiniti,1999
262,Reina,Pardy,rpardy79@economist.com,Female,102.218.250.219,Dodge,1996
263,Avigdor,Coxhead,acoxhead7a@constantcontact.com,Male,158.251.78.142,Maybach,2004
264,Juli,Ryman,jryman7b@springer.com,Female,13.119.226.24,Toyota,1998
265,Giovanni,Divall,gdivall7c@w3.org,Male,178.120.171.33,Kia,2006
266,Mirilla,Tidd,mtidd7d@w3.org,Genderqueer,67.174.95.182,Ford,2009
267,Shandy,Jinkins,sjinkins7e@usgs.gov,Female,85.224.168.143,Lincoln,1993
268,Cosme,Kesteven,ckesteven7f@mapquest.com,Male,204.120.186.198,Ford,2008
269,Ben,Walliker,bwalliker7g@symantec.com,Male,101.20.236.20,Chrysler,2003
270,Mei,Orgill,morgill7h@marriott.com,Female,143.246.208.245,Jensen,1967
271,Elijah,Jammes,ejammes7i@sphinn.com,Male,100.194.223.53,Subaru,2000
272,Ardyth,Rocks,arocks7j@mapquest.com,Female,67.236.167.181,Oldsmobile,1992
273,Elsie,Smetoun,esmetoun7k@twitpic.com,Agender,243.7.97.35,Oldsmobile,1993
274,Farlee,Graybeal,fgraybeal7l@infoseek.co.jp,Male,234.120.109.55,Porsche,1987
275,Tami,Flasby,tflasby7m@list-manage.com,Bigender,85.74.164.176,Hummer,2000
276,Zulema,Innis,zinnis7n@hatena.ne.jp,Female,235.129.81.216,Nissan,2004
277,Thia,Jasik,tjasik7o@dmoz.org,Female,145.212.113.20,Mazda,2009
278,Susanna,Mergue,smergue7p@odnoklassniki.ru,Female,161.48.203.194,Chevrolet,1996
279,Leoine,von Hagt,lvonhagt7q@thetimes.co.uk,Female,146.214.111.185,Toyota,2006
280,Freida,Twaits,ftwaits7r@npr.org,Female,79.151.193.28,Honda,2011
281,Janeen,Trevers,jtrevers7s@posterous.com,Female,45.211.192.29,Buick,1986
282,Kissiah,Verlander,kverlander7t@dmoz.org,Female,27.123.90.237,Audi,1989
283,Kania,Ackenson,kackenson7u@paypal.com,Female,7.185.13.50,Dodge,1993
284,Loree,McGrayle,lmcgrayle7v@qq.com,Female,2.30.158.196,Cadillac,2002
285,Juana,Loseke,jloseke7w@google.co.uk,Female,42.106.109.75,Infiniti,2001
286,Roy,Northbridge,rnorthbridge7x@flickr.com,Male,240.208.126.88,Lincoln,2013
287,Matthaeus,Monget,mmonget7y@usnews.com,Male,159.34.62.164,Infiniti,2002
288,Domenico,Robb,drobb7z@smugmug.com,Male,156.164.76.170,BMW,2008
289,Jennine,Bunning,jbunning80@gravatar.com,Female,221.17.203.177,GMC,2008
290,Mitchel,Bantham,mbantham81@delicious.com,Male,80.201.248.117,Kia,2006
291,Randolf,Masser,rmasser82@mail.ru,Male,200.42.11.214,Ford,1992
292,Rhiamon,Simmons,rsimmons83@oakley.com,Female,168.154.105.100,Land Rover,1997
293,Kaylee,Treharne,ktreharne84@timesonline.co.uk,Female,161.199.161.86,Ford,1995
294,Gian,Levermore,glevermore85@digg.com,Agender,140.136.176.143,Saab,2001
295,Tomasine,Darker,tdarker86@state.tx.us,Female,50.253.110.243,Ford,2005
296,Anny,Matthews,amatthews87@google.com.hk,Female,237.31.108.226,Porsche,1997
297,Em,Gerleit,egerleit88@samsung.com,Male,94.181.132.70,Land Rover,2000
298,Gene,Genney,ggenney89@scientificamerican.com,Male,173.50.242.243,Jeep,1992
299,Ellie,Olechnowicz,eolechnowicz8a@jalbum.net,Female,132.13.188.52,BMW,2002
300,Moshe,Snoxall,msnoxall8b@ucoz.ru,Male,236.49.74.161,Eagle,1998
301,Edgard,Slocombe,eslocombe8c@geocities.jp,Bigender,176.95.238.212,GMC,1994
302,Gabby,Shimwell,gshimwell8d@elpais.com,Male,164.117.140.93,Plymouth,1995
303,Pierce,Renny,prenny8e@latimes.com,Male,121.61.53.208,Volkswagen,1999
304,Ros,Freeburn,rfreeburn8f@bloomberg.com,Female,153.146.204.218,Dodge,1993
305,Leia,Deverock,ldeverock8g@nyu.edu,Female,212.230.166.226,Mazda,1992
306,Michelle,Dunrige,mdunrige8h@mail.ru,Non-binary,178.49.32.141,Mazda,2006
307,Wandis,Rowntree,wrowntree8i@tmall.com,Female,109.221.21.214,MINI,2003
308,Madeleine,Viccars,mviccars8j@slate.com,Female,25.253.86.174,Jaguar,2013
309,Ardath,Izhaky,aizhaky8k@wikia.com,Female,226.73.181.83,Mitsubishi,1985
310,Neda,Huckleby,nhuckleby8l@jalbum.net,Female,109.100.200.207,Acura,1994
311,Roy,Kepe,rkepe8m@oaic.gov.au,Male,148.62.215.237,Ford,2007
312,Donella,Penburton,dpenburton8n@cafepress.com,Female,16.129.20.111,Honda,2000
313,Dimitri,Corey,dcorey8o@mtv.com,Male,52.218.112.190,GMC,1992
314,Tymon,Trenbay,ttrenbay8p@quantcast.com,Male,8.119.107.42,Pontiac,1969
315,Lonee,Gully,lgully8q@census.gov,Female,72.16.238.99,Kia,2001
316,Leonhard,Kerrey,lkerrey8r@geocities.jp,Male,129.234.226.175,Aston Martin,2011
317,Kelcey,Littleover,klittleover8s@zdnet.com,Female,119.208.216.218,Buick,1995
318,Tades,Adelman,tadelman8t@aboutads.info,Male,1.160.119.110,Ford,1994
319,Frederic,Kuzemka,fkuzemka8u@weibo.com,Male,184.240.171.15,Lincoln,1994
320,Katine,Maghull,kmaghull8v@diigo.com,Female,44.105.66.60,Cadillac,2001
321,Donia,Tolemache,dtolemache8w@nature.com,Female,148.97.9.155,Chrysler,1994
322,Yance,Ruzicka,yruzicka8x@businesswire.com,Male,80.101.146.200,Isuzu,1996
323,Cherish,Cokly,ccokly8y@studiopress.com,Female,22.135.79.137,Chrysler,2012
324,Fredrick,Baxandall,fbaxandall8z@icio.us,Male,197.213.77.39,Subaru,2010
325,Granthem,Guilleton,gguilleton90@google.nl,Male,206.55.19.116,Mitsubishi,1994
326,Rufus,Richel,rrichel91@nydailynews.com,Male,140.105.145.150,Mercedes-Benz,1992
327,Hilary,Glanz,hglanz92@1688.com,Female,186.49.195.163,Ford,1988
328,Curt,Jockle,cjockle93@dell.com,Bigender,251.246.94.139,Jeep,1995
329,Cesaro,Perrin,cperrin94@google.ca,Male,195.116.20.163,Buick,2002
330,Erin,Orrice,eorrice95@oracle.com,Female,51.56.180.156,Isuzu,1993
331,Wilone,McBay,wmcbay96@flickr.com,Female,138.158.119.203,Mercedes-Benz,2001
332,Emelina,Backes,ebackes97@1und1.de,Female,123.201.28.73,Dodge,1998
333,Garnette,Bohlsen,gbohlsen98@bloglines.com,Female,130.206.78.113,Acura,2001
334,Herbie,Sherry,hsherry99@census.gov,Male,214.66.124.108,Saturn,2010
335,Brod,Dilks,bdilks9a@jimdo.com,Male,82.75.131.73,Mercury,1991
336,Deeyn,Werendell,dwerendell9b@dion.ne.jp,Female,89.124.126.94,Plymouth,1996
337,Cassey,Danne,cdanne9c@godaddy.com,Female,159.37.132.90,Volvo,2005
338,Karlis,Berrick,kberrick9d@scribd.com,Male,41.171.140.211,Ford,2002
339,Flory,Prinne,fprinne9e@trellian.com,Male,218.211.128.61,Chrysler,2006
340,Rayshell,Bartosiak,rbartosiak9f@cbsnews.com,Female,71.22.180.92,Mazda,2009
341,Felipe,Dougliss,fdougliss9g@rakuten.co.jp,Male,11.103.246.165,Volvo,1995
342,Carney,Worms,cworms9h@foxnews.com,Male,129.30.160.57,Subaru,1992
343,Douglass,Bernocchi,dbernocchi9i@hao123.com,Male,89.53.141.100,Honda,2003
344,Dee,Daventry,ddaventry9j@hud.gov,Female,204.182.152.21,Toyota,2012
345,Enrico,Trower,etrower9k@fema.gov,Male,122.79.209.83,Acura,2004
346,Pooh,Benedettini,pbenedettini9l@ocn.ne.jp,Male,89.108.201.199,Chevrolet,2000
347,Melesa,Snelling,msnelling9m@apple.com,Female,235.151.1.227,Volkswagen,2008
348,Rubina,Dockray,rdockray9n@oakley.com,Female,250.115.203.253,Nissan,2008
349,Nickolai,Dawtry,ndawtry9o@issuu.com,Male,231.196.71.209,Mercury,1990
350,Afton,Salzberger,asalzberger9p@microsoft.com,Female,15.135.180.153,Toyota,2009
351,Corenda,Foskew,cfoskew9q@slashdot.org,Female,207.65.82.98,Lotus,2011
352,Hilliary,McAllen,hmcallen9r@weebly.com,Female,18.199.87.184,Volkswagen,1985
353,Nefen,Pipe,npipe9s@sbwire.com,Male,155.155.45.79,Ford,1995
354,Horton,Hannaby,hhannaby9t@shareasale.com,Male,4.160.1.233,GMC,2004
355,Web,Bretelle,wbretelle9u@intel.com,Male,108.157.144.196,Lincoln,1990
356,Finn,Epton,fepton9v@addtoany.com,Male,196.241.25.187,Saab,2009
357,Cull,Gilbard,cgilbard9w@ox.ac.uk,Male,27.21.133.39,BMW,1995
358,Chicky,Haddacks,chaddacks9x@moonfruit.com,Male,24.7.120.240,Jeep,2001
359,Vasili,Hemmingway,vhemmingway9y@sfgate.com,Male,9.47.10.87,Ford,2001
360,Marylou,Beenham,mbeenham9z@washington.edu,Female,36.18.0.171,Ford,2000
361,Livia,Krates,lkratesa0@bloglines.com,Female,207.19.65.173,Hillman,1950
362,Brietta,Conyer,bconyera1@eepurl.com,Female,110.158.47.136,BMW,2013
363,Lemuel,Robottom,lrobottoma2@jalbum.net,Male,242.196.55.67,GMC,2008
364,August,Avramovitz,aavramovitza3@senate.gov,Male,248.120.193.8,Lotus,2002
365,Angelia,Boshere,abosherea4@columbia.edu,Female,221.238.119.66,Infiniti,1992
366,Sallee,Kynnd,skynnda5@multiply.com,Female,201.62.89.117,Mercury,2000
367,Tallou,Nipper,tnippera6@issuu.com,Female,251.186.129.252,Ford,1988
368,Val,Doerrling,vdoerrlinga7@amazon.de,Male,254.12.180.47,Ford,2005
369,Dame,Jovovic,djovovica8@simplemachines.org,Male,174.29.116.215,Buick,1994
370,Loutitia,McKeachie,lmckeachiea9@mysql.com,Female,94.69.34.43,Lexus,2008
371,Alikee,Hawley,ahawleyaa@ed.gov,Bigender,79.162.12.60,Audi,2006
372,Melina,Fibbens,mfibbensab@discovery.com,Female,84.72.138.14,Suzuki,2005
373,Bond,Scholtz,bscholtzac@privacy.gov.au,Male,160.173.89.136,Panoz,2007
374,Chrisse,De Witt,cdewittad@dailymotion.com,Male,219.69.94.61,BMW,1994
375,Marie-jeanne,Carrivick,mcarrivickae@tamu.edu,Female,90.61.75.90,Volkswagen,2007
376,Lezlie,Bearfoot,lbearfootaf@wikipedia.org,Female,31.94.243.249,Toyota,1996
377,Gerald,Warmington,gwarmingtonag@dion.ne.jp,Male,28.141.62.19,Honda,2003
378,Faun,Jimmison,fjimmisonah@skyrock.com,Female,173.213.174.180,Infiniti,2012
379,Aundrea,Bryden,abrydenai@google.co.uk,Female,186.214.129.69,Chevrolet,1996
380,Ashlen,Richardon,arichardonaj@fastcompany.com,Female,240.41.17.182,Jeep,2004
381,Binky,Charrier,bcharrierak@issuu.com,Agender,86.16.51.32,Saturn,2005
382,Thibaud,Engelbrecht,tengelbrechtal@hugedomains.com,Male,242.139.104.87,Buick,1991
383,Nerty,Sisse,nsisseam@springer.com,Female,247.136.33.232,Dodge,1968
384,Allx,Whatling,awhatlingan@angelfire.com,Female,65.206.162.174,Dodge,2008
385,Winifred,Aldhous,waldhousao@google.co.uk,Female,179.161.13.46,Mitsubishi,1984
386,Rem,Whisson,rwhissonap@yale.edu,Male,90.45.152.216,Acura,1994
387,Polly,Gerber,pgerberaq@tinypic.com,Female,236.50.254.118,Saab,2005
388,Dolores,Denidge,ddenidgear@stanford.edu,Female,31.47.4.207,GMC,1992
389,Anabelle,Jugging,ajuggingas@pcworld.com,Female,54.88.202.210,Hyundai,1993
390,Hector,Purkis,hpurkisat@dmoz.org,Male,101.115.75.76,Lotus,2001
391,Keith,Lorenzin,klorenzinau@ifeng.com,Male,158.99.116.121,Oldsmobile,1996
392,Aileen,Dart,adartav@taobao.com,Female,25.10.39.84,Mazda,1994
393,Doris,Hoy,dhoyaw@dmoz.org,Female,231.129.153.27,Lamborghini,1987
394,Curr,Dyhouse,cdyhouseax@marketwatch.com,Male,125.188.199.101,Buick,2003
395,Alexia,Nockells,anockellsay@google.cn,Female,15.178.25.75,Ford,2005
396,Demetria,De la Perrelle,ddelaperrelleaz@shareasale.com,Bigender,46.74.149.33,Lexus,2008
397,Curtis,MacManus,cmacmanusb0@toplist.cz,Male,44.216.28.12,Eagle,1992
398,Dareen,Crisford,dcrisfordb1@xinhuanet.com,Female,125.164.227.0,Oldsmobile,1997
399,Jacquelynn,Burchall,jburchallb2@sina.com.cn,Female,99.204.9.215,Chevrolet,1996
400,Mata,Delion,mdelionb3@weebly.com,Male,161.116.215.31,Mazda,1989
401,Gelya,Tummond,gtummondb4@cpanel.net,Female,50.251.230.178,Volkswagen,2007
402,Moishe,Alasdair,malasdairb5@elegantthemes.com,Male,90.103.62.141,Toyota,1994
403,Oby,Lipgens,olipgensb6@shinystat.com,Male,47.52.188.36,Chevrolet,2004
404,Sheeree,Buer,sbuerb7@cnet.com,Female,142.5.123.77,Mercedes-Benz,2007
405,Corny,Dunbobin,cdunbobinb8@bbb.org,Female,65.185.243.224,Toyota,1992
406,Roanne,Glacken,rglackenb9@fema.gov,Female,116.174.100.133,Audi,2012
407,Hastings,Ellicott,hellicottba@princeton.edu,Male,14.104.174.200,Chevrolet,2001
408,Christophorus,Cardoso,ccardosobb@etsy.com,Male,77.159.81.149,Volkswagen,2007
409,Selina,O'Rourke,sorourkebc@washingtonpost.com,Female,53.49.154.182,Honda,2011
410,Wendye,Tatum,wtatumbd@skyrock.com,Female,83.169.2.212,GMC,2004
411,Kirk,Kochs,kkochsbe@google.cn,Male,125.134.251.122,Nissan,2008
412,Gillie,Giamitti,ggiamittibf@independent.co.uk,Female,253.74.64.220,Nissan,1995
413,Marijo,Hannah,mhannahbg@123-reg.co.uk,Female,80.141.174.151,Volvo,2003
414,Francesca,Szimoni,fszimonibh@ask.com,Female,164.132.15.188,Mitsubishi,1989
415,Serena,Curton,scurtonbi@tamu.edu,Female,207.142.249.158,Lexus,2011
416,Gawain,Theaker,gtheakerbj@devhub.com,Male,105.15.248.223,Acura,2007
417,Aileen,Guice,aguicebk@twitpic.com,Female,239.6.154.79,Jaguar,2010
418,Wilt,Learman,wlearmanbl@hexun.com,Male,128.44.170.111,Ford,2010
419,Sargent,Kuhn,skuhnbm@jalbum.net,Male,7.209.207.200,Lincoln,1999
420,Antoinette,Hawsby,ahawsbybn@trellian.com,Genderqueer,179.144.198.25,Hummer,2008
421,Erich,Devanney,edevanneybo@cbc.ca,Male,245.80.253.223,Ford,1991
422,Dore,Manders,dmandersbp@cpanel.net,Female,248.119.234.240,MINI,2012
423,Tadd,Tal,ttalbq@usnews.com,Male,30.89.222.245,Dodge,1994
424,Karry,Hamm,khammbr@cam.ac.uk,Female,101.80.73.233,Hyundai,2009
425,Diann,Joire,djoirebs@bbc.co.uk,Female,36.113.8.182,Lotus,1985
426,Harriot,Crumby,hcrumbybt@a8.net,Female,145.82.54.136,Buick,1988
427,Mayer,Jemmison,mjemmisonbu@narod.ru,Male,78.50.169.209,Ford,1997
428,Tonnie,Blowick,tblowickbv@bigcartel.com,Male,54.11.14.138,Land Rover,2010
429,Jamima,McCollum,jmccollumbw@youku.com,Female,34.28.251.89,Mitsubishi,2009
430,Eugenie,Sinden,esindenbx@youku.com,Female,255.206.90.141,Buick,2005
431,Lilian,Plaister,lplaisterby@apple.com,Female,120.34.0.134,Suzuki,2006
432,Ashlen,Molfino,amolfinobz@mayoclinic.com,Female,34.65.36.185,Lincoln,1999
433,Kerr,Thomerson,kthomersonc0@paginegialle.it,Male,80.21.157.105,Cadillac,2007
434,Chelsy,Quinnelly,cquinnellyc1@harvard.edu,Female,213.75.163.221,Pontiac,2010
435,Chance,McGoldrick,cmcgoldrickc2@msn.com,Male,203.234.167.255,Alfa Romeo,1992
436,Edik,Podmore,epodmorec3@github.com,Male,29.119.219.115,Mazda,1996
437,Aurthur,Upfold,aupfoldc4@hubpages.com,Male,78.181.49.16,Dodge,1998
438,Ugo,Grisenthwaite,ugrisenthwaitec5@mit.edu,Male,122.49.241.88,Lotus,2005
439,Somerset,Aykroyd,saykroydc6@salon.com,Male,15.45.203.230,Chevrolet,2011
440,Sanders,Sadat,ssadatc7@cbc.ca,Male,3.147.254.81,Chevrolet,1999
441,Nial,Albery,nalberyc8@sakura.ne.jp,Male,175.52.166.6,Pontiac,1985
442,Hally,Tulloch,htullochc9@moonfruit.com,Female,200.112.196.3,Dodge,2000
443,Angel,Korba,akorbaca@dmoz.org,Female,192.233.170.204,Suzuki,1995
444,Lenard,Brabant,lbrabantcb@senate.gov,Male,22.139.88.23,Pontiac,2004
445,Henrietta,Gant,hgantcc@tamu.edu,Female,16.87.134.241,Suzuki,2001
446,Sauveur,Ligerton,sligertoncd@webs.com,Male,132.158.31.187,Volkswagen,1991
447,Sylvan,Brodnecke,sbrodneckece@ox.ac.uk,Male,97.8.228.74,Mercedes-Benz,1986
448,Jermain,Cochern,jcocherncf@miitbeian.gov.cn,Male,255.88.52.179,Dodge,2009
449,Davie,Champerlen,dchamperlencg@canalblog.com,Male,80.134.231.85,Chevrolet,1995
450,Meghan,Pedel,mpedelch@sciencedirect.com,Female,252.42.248.118,GMC,1996
451,Lotta,Andreaccio,landreaccioci@usnews.com,Female,103.180.253.89,Mitsubishi,1995
452,Duane,Camamile,dcamamilecj@plala.or.jp,Male,76.41.250.175,Dodge,2001
453,Brnaba,Thomazin,bthomazinck@weibo.com,Male,83.78.190.91,Volkswagen,1992
454,Kandy,Fealey,kfealeycl@rambler.ru,Female,51.121.141.117,Chevrolet,2000
455,Reilly,Casaletto,rcasalettocm@ted.com,Male,54.25.79.45,Lincoln,1998
456,Nevin,Exall,nexallcn@newyorker.com,Male,1.184.35.66,Toyota,2007
457,Sascha,Lotwich,slotwichco@w3.org,Polygender,171.63.217.204,Mercedes-Benz,2006
458,Edy,Beckerleg,ebeckerlegcp@about.me,Female,65.244.16.52,Ford,2010
459,Livy,McIllroy,lmcillroycq@bbb.org,Female,72.245.174.66,Mercedes-Benz,2002
460,Gerrie,Dearl,gdearlcr@yolasite.com,Female,5.144.139.122,Nissan,1996
461,Guillema,De la Barre,gdelabarrecs@webnode.com,Female,38.179.167.183,GMC,2010
462,Ashlie,Hambleton,ahambletonct@blinklist.com,Female,8.152.138.102,Toyota,1993
463,Monah,Cowpertwait,mcowpertwaitcu@edublogs.org,Female,105.117.113.167,Kia,1995
464,Darnall,Burth,dburthcv@ustream.tv,Male,113.23.120.33,GMC,1998
465,Eydie,Ronnay,eronnaycw@angelfire.com,Female,207.18.59.53,Chrysler,2007
466,Lindsey,Ginnelly,lginnellycx@weather.com,Female,244.188.31.215,BMW,2007
467,Frankie,Lepper,fleppercy@domainmarket.com,Male,182.141.191.153,Aston Martin,2011
468,Jennine,Mimmack,jmimmackcz@pcworld.com,Female,200.237.172.26,Ford,1985
469,Leah,Talby,ltalbyd0@prweb.com,Female,110.237.115.176,Mazda,1990
470,Nicola,Tampion,ntampiond1@yale.edu,Male,107.174.251.168,Lotus,2005
471,Kory,Baggalley,kbaggalleyd2@rediff.com,Male,117.228.130.247,Ford,1985
472,Rusty,Langhorne,rlanghorned3@samsung.com,Male,39.255.243.156,Volkswagen,2012
473,Ervin,Krimmer,ekrimmerd4@jugem.jp,Male,246.66.180.212,GMC,1993
474,Mallory,Verheijden,mverheijdend5@clickbank.net,Male,62.164.16.207,Audi,1991
475,Armin,Imos,aimosd6@irs.gov,Male,96.141.122.42,Honda,1992
476,Lark,Eilert,leilertd7@fc2.com,Female,12.232.106.182,Porsche,2004
477,Lissi,Grierson,lgriersond8@unesco.org,Female,229.2.147.7,BMW,2005
478,Pet,Sibly,psiblyd9@sciencedaily.com,Polygender,202.17.125.11,Acura,2009
479,Ricki,Artingstall,rartingstallda@netvibes.com,Female,103.100.127.185,Mercedes-Benz,2001
480,Alasteir,Whitcombe,awhitcombedb@nih.gov,Male,96.205.209.40,Rolls-Royce,2008
481,Raquela,Hendricks,rhendricksdc@blogger.com,Female,2.157.137.104,Jeep,2007
482,Janie,Korf,jkorfdd@opensource.org,Female,247.215.9.42,Mazda,1996
483,Karlis,Bohlje,kbohljede@sitemeter.com,Male,57.240.46.69,Plymouth,2001
484,Amos,Doring,adoringdf@aboutads.info,Male,148.160.128.123,Lexus,2008
485,Elizabeth,Muncer,emuncerdg@umich.edu,Female,99.174.118.194,Dodge,2001
486,Jase,Coll,jcolldh@mediafire.com,Male,158.53.9.238,GMC,2008
487,Joni,Tricker,jtrickerdi@phpbb.com,Female,239.30.121.227,Land Rover,1994
488,Renado,Abdie,rabdiedj@angelfire.com,Male,214.119.250.102,Chrysler,2004
489,Jakob,De Normanville,jdenormanvilledk@so-net.ne.jp,Male,114.21.173.148,Cadillac,1993
490,Gladi,Petkovic,gpetkovicdl@webnode.com,Female,220.33.94.242,Lexus,2004
491,Ximenez,Pannaman,xpannamandm@clickbank.net,Male,189.105.34.71,Audi,2002
492,Odelle,Roll,orolldn@yale.edu,Female,136.37.87.89,Lamborghini,1986
493,Carey,Cahalan,ccahalando@dmoz.org,Agender,109.208.228.199,Dodge,2003
494,Ortensia,Falconer,ofalconerdp@reddit.com,Genderqueer,244.164.31.197,Lexus,2001
495,Cornelle,McLeish,cmcleishdq@fastcompany.com,Female,132.38.7.4,Mitsubishi,2004
496,Didi,Held,dhelddr@goo.gl,Female,198.86.162.89,Subaru,1984
497,Arri,Collop,acollopds@dedecms.com,Male,234.8.10.184,Ford,1995
498,Enoch,O'Monahan,eomonahandt@tinyurl.com,Male,66.119.217.7,GMC,2008
499,Kenton,Geaney,kgeaneydu@constantcontact.com,Male,81.49.172.125,Volkswagen,2012
500,Griffith,Crinage,gcrinagedv@pagesperso-orange.fr,Male,45.194.27.237,Chevrolet,2009
501,Cecilia,Pedrocchi,cpedrocchidw@sciencedaily.com,Female,52.98.47.205,Kia,2013
502,Arlette,Kleingrub,akleingrubdx@whitehouse.gov,Female,152.219.71.195,Volkswagen,1990
503,Starr,McCarrick,smccarrickdy@indiegogo.com,Female,221.32.59.23,Honda,2002
504,Dalis,Farlambe,dfarlambedz@addtoany.com,Male,38.156.220.73,Lexus,2000
505,Gordy,Truluck,gtrulucke0@constantcontact.com,Male,55.66.144.1,Acura,1992
506,Yolanthe,Fillary,yfillarye1@cam.ac.uk,Female,87.98.53.234,Audi,1984
507,Des,Rabbitt,drabbitte2@ocn.ne.jp,Male,146.213.236.246,Cadillac,2008
508,Traver,Yosevitz,tyosevitze3@altervista.org,Male,136.69.181.162,Mercury,1999
509,Annadiana,Skerme,askermee4@washingtonpost.com,Female,122.122.241.201,Honda,2006
510,Rayner,Chalcraft,rchalcrafte5@discovery.com,Male,101.46.122.118,Hummer,2003
511,Keefe,Cheshire,kcheshiree6@pen.io,Male,93.43.67.181,Pontiac,2008
512,Lucille,Frill,lfrille7@nhs.uk,Agender,187.115.215.96,Chevrolet,1965
513,Richard,Catterall,rcatteralle8@surveymonkey.com,Male,218.220.76.235,Ford,1993
514,Gare,Inglish,ginglishe9@washingtonpost.com,Male,212.66.220.213,BMW,2010
515,Madalyn,Josephsen,mjosephsenea@thetimes.co.uk,Female,82.166.224.67,Mazda,1989
516,Danny,Perkis,dperkiseb@studiopress.com,Male,137.168.84.168,Suzuki,1985
517,Lulu,Louder,llouderec@nhs.uk,Female,86.217.225.142,Toyota,2008
518,Jenda,Georgel,jgeorgeled@exblog.jp,Female,216.225.191.120,Volkswagen,1994
519,Chaim,Medford,cmedfordee@cnn.com,Male,171.36.171.195,Mitsubishi,1996
520,Gregory,Halms,ghalmsef@flavors.me,Male,230.167.142.61,Ford,2000
521,Karleen,Dornin,kdornineg@ed.gov,Female,3.97.245.158,Mitsubishi,2001
522,Chrissie,Tows,ctowseh@about.me,Polygender,95.211.44.206,Isuzu,1997
523,Tannie,Luetkemeyer,tluetkemeyerei@archive.org,Male,170.57.212.16,Honda,2004
524,Bern,Rollason,brollasonej@toplist.cz,Male,100.199.44.247,Nissan,1998
525,Danyelle,Sarjeant,dsarjeantek@bbc.co.uk,Female,173.29.253.116,Acura,1997
526,Rosemonde,Kineton,rkinetonel@cnn.com,Female,68.40.67.186,BMW,2005
527,Jamison,Rzehor,jrzehorem@intel.com,Male,20.203.168.17,Chrysler,2012
528,Ozzie,Soper,osoperen@sina.com.cn,Male,27.130.61.14,BMW,1998
529,Horton,Di Gregorio,hdigregorioeo@twitter.com,Male,40.122.104.109,Mitsubishi,2007
530,Sephira,Kybert,skybertep@prlog.org,Female,219.242.161.37,Jeep,2007
531,Ruby,Hazle,rhazleeq@webs.com,Polygender,102.181.138.245,Dodge,1998
532,Karrie,Cod,kcoder@omniture.com,Female,79.168.190.95,Lexus,2006
533,Haroun,Pouck,hpouckes@parallels.com,Male,56.207.114.38,Geo,1997
534,Mona,Aliberti,malibertiet@desdev.cn,Female,34.8.65.211,Chevrolet,1995
535,Ciro,Vasechkin,cvasechkineu@harvard.edu,Male,179.59.164.101,Volkswagen,1984
536,Arnuad,Benge,abengeev@uiuc.edu,Male,65.231.36.251,Pontiac,2002
537,Chet,Bartocci,cbartocciew@ucsd.edu,Male,53.253.49.197,Subaru,1990
538,Staford,Laurand,slaurandex@posterous.com,Male,136.38.139.232,Jaguar,2002
539,Patrice,Edelman,pedelmaney@java.com,Genderqueer,95.37.72.50,Plymouth,2000
540,Shurlocke,Pleasance,spleasanceez@ning.com,Male,95.194.97.223,Mitsubishi,2011
541,Davon,Montgomery,dmontgomeryf0@hatena.ne.jp,Male,250.167.128.121,Ford,1995
542,Cole,Copeman,ccopemanf1@51.la,Male,118.166.78.184,Lexus,2010
543,Care,Scadden,cscaddenf2@omniture.com,Male,69.128.90.29,Lexus,2002
544,Pebrook,Wimp,pwimpf3@webmd.com,Male,84.16.179.166,Chevrolet,2007
545,Devin,Polly,dpollyf4@mlb.com,Male,179.230.36.240,Subaru,2007
546,Gelya,Olivelli,golivellif5@thetimes.co.uk,Female,45.218.134.139,Buick,1988
547,Jandy,Hurdle,jhurdlef6@unblog.fr,Female,162.36.55.161,Dodge,2012
548,Lexine,Pennycook,lpennycookf7@youtube.com,Female,74.114.67.35,Toyota,2011
549,Daniel,Josovich,djosovichf8@archive.org,Male,7.126.94.178,Ford,2007
550,Mylo,Barnett,mbarnettf9@usnews.com,Male,142.246.144.34,Mitsubishi,2001
551,Cody,Fevier,cfevierfa@github.com,Female,119.41.34.161,Pontiac,1993
552,Lorena,Beeck,lbeeckfb@irs.gov,Female,156.243.23.254,Ford,2005
553,Flint,Dearing,fdearingfc@umn.edu,Male,31.149.46.164,Kia,2008
554,Melitta,De Stoop,mdestoopfd@instagram.com,Polygender,127.61.218.217,Jeep,2010
555,Adina,Dewberry,adewberryfe@cornell.edu,Female,18.214.10.94,Chevrolet,2003
556,Erasmus,Oslar,eoslarff@scientificamerican.com,Male,16.203.106.25,Toyota,1982
557,Jordanna,Ahmed,jahmedfg@cbsnews.com,Female,246.102.254.188,Lexus,2004
558,Hale,Challiss,hchallissfh@npr.org,Male,11.44.192.253,GMC,2011
559,Georgetta,Spours,gspoursfi@washingtonpost.com,Female,169.94.138.103,Jeep,1993
560,Milty,Vowell,mvowellfj@nature.com,Male,94.96.144.145,Nissan,2001
561,Bennie,Totaro,btotarofk@soundcloud.com,Female,232.162.180.204,Kia,2008
562,Licha,Hubner,lhubnerfl@upenn.edu,Female,105.105.254.86,Maybach,2003
563,Britney,Reader,breaderfm@google.com.au,Female,139.130.69.235,Nissan,1998
564,Brooke,Giamuzzo,bgiamuzzofn@discuz.net,Female,225.133.231.60,Chevrolet,2000
565,Roze,McAvinchey,rmcavincheyfo@ustream.tv,Agender,180.23.129.76,Ford,2006
566,Shaw,Walewicz,swalewiczfp@ucoz.com,Polygender,157.177.103.187,Ford,2011
567,Fayre,Sollime,fsollimefq@parallels.com,Polygender,190.52.155.73,Dodge,1994
568,Trevar,Felton,tfeltonfr@nba.com,Male,85.223.44.185,GMC,2008
569,Durward,Lynskey,dlynskeyfs@mozilla.com,Male,219.29.219.195,Dodge,2008
570,Chic,Yakebovitch,cyakebovitchft@clickbank.net,Male,216.110.117.217,Volvo,2008
571,Karilynn,Hovee,khoveefu@usa.gov,Female,170.92.155.194,Nissan,1999
572,Eleni,Hark,eharkfv@sourceforge.net,Female,130.56.203.231,Lamborghini,1985
573,Richy,Drable,rdrablefw@adobe.com,Male,97.250.13.33,Mercedes-Benz,1991
574,Moyra,Dorwood,mdorwoodfx@disqus.com,Female,108.102.96.221,Ford,2006
575,Harriot,Tolussi,htolussify@mediafire.com,Female,63.84.153.46,Pontiac,1989
576,Aguste,Ruecastle,aruecastlefz@addthis.com,Male,228.175.167.173,Ford,2000
577,Marena,Mitchely,mmitchelyg0@163.com,Female,205.238.75.186,GMC,2004
578,Sara-ann,Southerton,ssouthertong1@tinypic.com,Female,86.163.23.180,Acura,2012
579,Crystal,Armistead,carmisteadg2@mlb.com,Female,41.196.139.85,Mitsubishi,1994
580,Giovanna,Faircley,gfaircleyg3@about.me,Female,203.87.196.11,Buick,1997
581,Phillis,Coneron,pconerong4@51.la,Female,41.171.48.15,GMC,2002
582,Ludvig,Stebbings,lstebbingsg5@desdev.cn,Male,97.104.240.138,Ford,2011
583,Leonora,Buggy,lbuggyg6@bravesites.com,Polygender,77.40.29.38,Chevrolet,1994
584,Gerhardt,Trippick,gtrippickg7@independent.co.uk,Agender,249.106.229.212,Mercedes-Benz,1993
585,Duncan,Grimsey,dgrimseyg8@huffingtonpost.com,Male,173.71.246.47,Audi,2002
586,Josh,Ossulton,jossultong9@trellian.com,Male,242.93.226.162,Oldsmobile,1997
587,Hewitt,Ducaen,hducaenga@loc.gov,Male,230.173.224.207,Honda,1986
588,Cordell,Leyson,cleysongb@cnn.com,Male,71.120.196.14,Honda,2012
589,Giffard,Rorke,grorkegc@lycos.com,Male,125.110.127.90,Audi,2009
590,Alma,Gagie,agagiegd@desdev.cn,Female,158.94.118.90,Lincoln,1993
591,Matthieu,Schollar,mschollarge@scientificamerican.com,Male,43.253.189.89,Oldsmobile,1994
592,Hunt,Sails,hsailsgf@sitemeter.com,Male,165.141.99.119,BMW,2006
593,Alvin,Veillard,aveillardgg@yelp.com,Male,131.27.122.135,Lexus,2004
594,Guinevere,Balke,gbalkegh@wiley.com,Female,187.183.2.28,Pontiac,2000
595,Thorvald,Cabbell,tcabbellgi@posterous.com,Male,5.39.210.70,Volvo,2008
596,Martyn,Tocque,mtocquegj@cdbaby.com,Male,133.160.112.167,Lexus,2005
597,Deeann,Sedgeman,dsedgemangk@comsenz.com,Female,85.32.54.181,Lincoln,1992
598,Laurent,Penniell,lpenniellgl@dailymotion.com,Male,131.142.250.99,Dodge,2003
599,Melony,Pole,mpolegm@ox.ac.uk,Female,2.12.122.186,Lamborghini,1991
600,Stanislas,Halmkin,shalmkingn@imgur.com,Male,205.247.75.100,Ford,1980
601,Rennie,Omar,romargo@blogspot.com,Female,106.46.99.231,Mitsubishi,1991
602,Zelma,Gatecliff,zgatecliffgp@dagondesign.com,Female,39.178.98.244,Chevrolet,2002
603,Staford,Dumbrell,sdumbrellgq@goodreads.com,Male,156.155.211.108,GMC,1997
604,Adele,Ambroziak,aambroziakgr@bloglines.com,Female,100.44.247.74,Chevrolet,2006
605,Sebastiano,Gush,sgushgs@php.net,Male,168.232.83.129,Honda,2008
606,Kenon,Mordy,kmordygt@example.com,Male,114.36.91.166,Mercedes-Benz,2009
607,Yorgo,Wisam,ywisamgu@lulu.com,Male,203.254.207.197,Toyota,2010
608,Danya,Jurkiewicz,djurkiewiczgv@mozilla.com,Female,109.77.158.100,Ford,2004
609,Rand,Prangle,rpranglegw@msn.com,Male,198.83.82.34,Plymouth,1995
610,Harwilll,Cattell,hcattellgx@eventbrite.com,Male,240.155.48.152,Lexus,1999
611,Dame,Kennsley,dkennsleygy@elegantthemes.com,Male,107.182.77.199,BMW,2001
612,Heinrick,Janczewski,hjanczewskigz@nifty.com,Male,216.66.152.35,Maybach,2010
613,Chaddie,Rosone,crosoneh0@usatoday.com,Male,56.185.253.169,GMC,2000
614,Dwayne,Grayston,dgraystonh1@oaic.gov.au,Male,138.145.72.215,Chevrolet,1994
615,Margette,Goater,mgoaterh2@desdev.cn,Female,224.195.208.109,Ford,1991
616,Leontyne,Lillow,llillowh3@abc.net.au,Non-binary,238.182.176.56,Ford,2011
617,Lenci,Lias,lliash4@msn.com,Male,175.105.172.122,Pontiac,1990
618,Felecia,Buessen,fbuessenh5@hao123.com,Female,133.111.98.110,Volkswagen,2003
619,Rand,Janjusevic,rjanjusevich6@reverbnation.com,Male,16.243.50.77,Mercedes-Benz,1998
620,Alena,Chugg,achuggh7@cocolog-nifty.com,Female,219.146.200.23,Porsche,1988
621,Ricky,Stickford,rstickfordh8@de.vu,Female,34.118.77.219,Chrysler,1999
622,Brendan,De Luna,bdelunah9@paginegialle.it,Male,246.135.4.66,Dodge,2002
623,Orly,Meryett,omeryettha@amazon.co.uk,Female,168.238.24.32,Mercury,2006
624,Lisle,Halversen,lhalversenhb@gov.uk,Male,30.253.137.105,Lincoln,1987
625,Wallis,Parlett,wparletthc@blinklist.com,Male,64.237.9.31,Land Rover,2012
626,Lina,Ivatt,livatthd@baidu.com,Female,163.26.82.178,Hyundai,2010
627,Merill,Bestar,mbestarhe@imgur.com,Male,135.160.77.39,Mercury,1984
628,Trefor,Kunzel,tkunzelhf@google.it,Male,133.253.104.138,Subaru,2003
629,Redd,Kasper,rkasperhg@cnet.com,Polygender,80.88.100.27,Nissan,1997
630,Town,Torbet,ttorbethh@photobucket.com,Male,201.18.243.1,Dodge,1992
631,Elia,Undrell,eundrellhi@cbc.ca,Male,133.111.107.147,Ford,2003
632,Nicolina,Devonside,ndevonsidehj@wunderground.com,Female,140.176.218.178,Mitsubishi,1992
633,Henrieta,Raistrick,hraistrickhk@google.es,Female,152.60.29.20,Buick,1993
634,Bernardina,Marty,bmartyhl@usgs.gov,Female,10.56.76.239,Dodge,1996
635,Alisa,Carlo,acarlohm@ucoz.ru,Female,71.145.87.46,Jaguar,1995
636,Marci,Fylan,mfylanhn@live.com,Female,130.209.69.103,Porsche,1988
637,Wolfgang,Iacobacci,wiacobacciho@blogger.com,Male,242.101.95.108,BMW,2012
638,Dolly,Sola,dsolahp@tripadvisor.com,Bigender,80.134.213.51,BMW,1997
639,Kath,Vear,kvearhq@sciencedaily.com,Female,211.84.41.179,Lincoln,1984
640,Craig,Moynihan,cmoynihanhr@cmu.edu,Male,156.124.226.82,Nissan,2010
641,Deanne,Duckinfield,dduckinfieldhs@marketwatch.com,Female,249.74.174.81,Nissan,2007
642,Lani,Blockey,lblockeyht@cisco.com,Female,127.8.206.71,Volkswagen,2005
643,Dominic,Markos,dmarkoshu@yellowbook.com,Male,71.76.11.157,Mitsubishi,1984
644,Toiboid,Shieber,tshieberhv@usgs.gov,Male,81.160.105.61,Ford,1985
645,Britteny,Rawles,brawleshw@networksolutions.com,Female,9.116.61.75,Pontiac,1989
646,Vivia,Kermott,vkermotthx@youtube.com,Female,253.63.187.192,Jeep,2009
647,Eamon,Laurentino,elaurentinohy@bizjournals.com,Male,92.6.153.90,Kia,2012
648,Bearnard,Bettanay,bbettanayhz@theguardian.com,Male,50.222.200.94,Pontiac,1962
649,Stefa,Griffey,sgriffeyi0@linkedin.com,Female,178.71.214.204,Ford,1986
650,Wilona,Goldsworthy,wgoldsworthyi1@scribd.com,Female,226.245.34.180,Mazda,2007
651,Adelle,Belfitt,abelfitti2@imdb.com,Female,102.30.51.147,Daewoo,2002
652,Lief,Thorold,lthoroldi3@sciencedaily.com,Genderqueer,219.115.159.223,Mitsubishi,1999
653,Bee,Franey,bfraneyi4@youtu.be,Female,16.63.47.86,Audi,1988
654,Sonja,Quinnette,squinnettei5@a8.net,Female,48.168.95.241,Hyundai,2009
655,Garner,Pruckner,gpruckneri6@biblegateway.com,Male,149.64.241.62,GMC,1993
656,Hurlee,Tilzey,htilzeyi7@qq.com,Male,234.10.75.105,Nissan,2007
657,Natividad,Cristoferi,ncristoferii8@paginegialle.it,Female,109.97.78.85,Oldsmobile,1992
658,Gayle,Farncomb,gfarncombi9@timesonline.co.uk,Female,232.7.152.241,Audi,2011
659,Bernardo,Jedrzejewski,bjedrzejewskiia@icq.com,Male,183.139.202.140,Toyota,1999
660,Herc,Deport,hdeportib@lycos.com,Male,96.205.28.56,Audi,2001
661,Conrado,Nockells,cnockellsic@cbsnews.com,Polygender,235.16.151.16,Lamborghini,2008
662,Selene,Scramage,sscramageid@issuu.com,Female,191.114.193.241,Dodge,1993
663,Waverly,Maskall,wmaskallie@hubpages.com,Male,137.124.79.193,Lamborghini,1994
664,Sande,Oles,solesif@qq.com,Female,77.182.85.62,BMW,2002
665,Auria,Kenderdine,akenderdineig@huffingtonpost.com,Female,196.18.125.53,Nissan,2011
666,Henry,Fanning,hfanningih@theglobeandmail.com,Male,102.220.207.186,GMC,1994
667,Estrella,Sackett,esackettii@loc.gov,Female,165.50.213.21,Honda,2009
668,Carlene,Aggott,caggottij@bloglines.com,Female,179.50.186.97,Jeep,2008
669,Zarla,Whitbread,zwhitbreadik@sphinn.com,Bigender,204.213.149.100,Ford,2011
670,Malynda,Longhurst,mlonghurstil@merriam-webster.com,Female,82.169.25.123,GMC,1997
671,Brenda,Frankish,bfrankishim@last.fm,Female,246.133.206.39,Dodge,2000
672,Ashien,MacBain,amacbainin@wsj.com,Female,186.201.125.238,Land Rover,2000
673,Ettie,Vakhonin,evakhoninio@facebook.com,Polygender,181.183.176.31,Mazda,1999
674,Beniamino,Powe,bpoweip@yandex.ru,Male,85.15.83.102,Volkswagen,1996
675,Glynnis,Lamberton,glambertoniq@opensource.org,Female,3.24.224.174,Toyota,2010
676,Benedetta,Winsbury,bwinsburyir@spotify.com,Bigender,183.160.6.93,Porsche,1988
677,Huntlee,Devonside,hdevonsideis@macromedia.com,Male,187.210.246.99,Mitsubishi,1995
678,Dix,Puttick,dputtickit@ucla.edu,Female,32.160.31.134,Dodge,2005
679,Francine,Gravestone,fgravestoneiu@purevolume.com,Female,178.105.202.44,Mitsubishi,1995
680,Lorelle,Guisot,lguisotiv@ed.gov,Female,161.51.186.219,Acura,2009
681,Simone,Bonifazio,sbonifazioiw@cbc.ca,Polygender,114.93.1.221,Saab,1987
682,Walden,Eldrid,weldridix@nbcnews.com,Male,246.72.217.6,Honda,2007
683,Artemas,Lycett,alycettiy@a8.net,Male,85.128.110.240,Chevrolet,2006
684,Ozzy,Goulder,ogoulderiz@delicious.com,Male,214.69.50.230,Mazda,1997
685,Dot,Enevold,denevoldj0@aol.com,Female,51.40.157.152,Pontiac,2009
686,Trish,Blow,tblowj1@cbslocal.com,Female,7.249.140.54,Ford,2011
687,Maribel,Scarse,mscarsej2@answers.com,Female,34.216.168.11,Ford,2003
688,Danna,McRae,dmcraej3@chicagotribune.com,Female,238.4.135.11,Mercedes-Benz,2000
689,Barris,Shatford,bshatfordj4@opensource.org,Polygender,34.90.235.150,Suzuki,1991
690,Hephzibah,Corbitt,hcorbittj5@tinyurl.com,Female,42.69.149.174,Land Rover,2012
691,Reggie,Firbanks,rfirbanksj6@biglobe.ne.jp,Female,83.111.5.249,Mercedes-Benz,2006
692,Keriann,Fitzmaurice,kfitzmauricej7@mayoclinic.com,Female,100.190.94.54,Dodge,2006
693,Merrielle,Tollett,mtollettj8@twitpic.com,Female,67.233.103.51,Aston Martin,2010
694,Redford,Roddick,rroddickj9@google.de,Male,36.14.212.194,Porsche,2000
695,Lusa,Gault,lgaultja@typepad.com,Female,130.199.143.4,Saab,2008
696,Clerkclaude,Blackster,cblacksterjb@mozilla.com,Male,209.111.248.30,Kia,2005
697,Floyd,Northridge,fnorthridgejc@google.fr,Male,203.64.88.102,GMC,2001
698,Daisie,Draisey,ddraiseyjd@foxnews.com,Female,42.10.229.76,Honda,1984
699,Berte,Lawlance,blawlanceje@senate.gov,Female,229.140.45.101,Mercury,1986
700,Frances,Ayer,fayerjf@unicef.org,Female,163.251.248.159,Toyota,1995
701,Amber,Boughen,aboughenjg@google.co.jp,Female,93.129.25.67,Toyota,2004
702,Dill,Lecordier,dlecordierjh@aboutads.info,Male,22.249.68.177,Ford,2003
703,Jessi,Huffa,jhuffaji@paginegialle.it,Female,119.235.245.107,Isuzu,1994
704,Killie,McLaughlin,kmclaughlinjj@shinystat.com,Male,43.203.89.164,Dodge,1994
705,Uri,Heister,uheisterjk@weather.com,Male,169.93.165.254,Suzuki,2004
706,Winn,Tibald,wtibaldjl@google.es,Male,227.252.113.6,Audi,2002
707,Dar,Brommage,dbrommagejm@ehow.com,Male,182.172.241.92,Spyker,2006
708,Townie,Tillot,ttillotjn@samsung.com,Male,3.242.185.114,Dodge,1969
709,Randie,Burdett,rburdettjo@usa.gov,Male,18.252.34.201,Audi,2012
710,Ashia,Inkpin,ainkpinjp@ebay.co.uk,Female,97.63.116.122,Lexus,2011
711,Ewart,Denness,edennessjq@mozilla.org,Male,16.192.61.29,BMW,1998
712,Storm,MacCaffery,smaccafferyjr@accuweather.com,Female,114.39.218.82,Jeep,2009
713,Borden,Hearsey,bhearseyjs@rakuten.co.jp,Male,67.41.101.141,Jeep,2004
714,Darci,Humphrys,dhumphrysjt@admin.ch,Female,216.6.142.255,Volkswagen,1987
715,Baron,Gatman,bgatmanju@latimes.com,Male,36.93.206.145,Chevrolet,2006
716,Crin,Constanza,cconstanzajv@naver.com,Female,52.227.11.206,Plymouth,2001
717,Torrence,Branchet,tbranchetjw@infoseek.co.jp,Male,69.248.191.32,BMW,2007
718,Carolee,Hexam,chexamjx@amazon.co.jp,Genderqueer,169.99.240.13,Nissan,2010
719,Rae,Saw,rsawjy@so-net.ne.jp,Female,152.251.155.134,Hyundai,2008
720,Brig,Ragat,bragatjz@topsy.com,Male,47.222.55.188,Scion,2006
721,Agustin,Rush,arushk0@loc.gov,Male,142.103.236.222,GMC,1993
722,Kimberly,Treneer,ktreneerk1@de.vu,Female,166.218.174.251,Cadillac,1992
723,Annecorinne,Scolland,ascollandk2@wordpress.com,Female,208.249.117.170,Toyota,1994
724,Florie,Facher,ffacherk3@huffingtonpost.com,Female,91.222.178.70,Daihatsu,1992
725,Tamarra,Emanulsson,temanulssonk4@google.com.au,Female,168.62.97.177,Pontiac,1989
726,Munroe,De Courtney,mdecourtneyk5@biblegateway.com,Male,242.34.106.139,Hyundai,2011
727,Prescott,Mathet,pmathetk6@thetimes.co.uk,Male,103.176.216.30,Ford,2008
728,Addy,Beste,abestek7@cnn.com,Male,199.47.238.110,Mazda,2000
729,Nate,Bartoszinski,nbartoszinskik8@squidoo.com,Male,226.91.159.97,Eagle,1993
730,Estelle,Holyard,eholyardk9@blogger.com,Female,148.161.67.129,Pontiac,2000
731,Willow,Kerman,wkermanka@flickr.com,Non-binary,58.219.35.220,Plymouth,2000
732,Gillian,Denacamp,gdenacampkb@domainmarket.com,Non-binary,143.203.74.179,Buick,1991
733,Rhianna,Deary,rdearykc@gravatar.com,Genderfluid,238.159.238.146,Acura,2010
734,Chaim,Chessil,cchessilkd@deviantart.com,Male,83.12.111.190,Mazda,2010
735,De witt,Elcom,delcomke@networkadvertising.org,Genderfluid,122.181.29.210,Pontiac,1991
736,Mata,Verrell,mverrellkf@chronoengine.com,Male,140.188.18.241,Subaru,1988
737,Gail,Rothon,grothonkg@51.la,Male,228.97.29.77,Chevrolet,1998
738,Johnathan,Lambkin,jlambkinkh@washington.edu,Male,19.125.29.16,Hyundai,1995
739,Wainwright,Pleven,wplevenki@spotify.com,Male,211.209.167.250,Mazda,1994
740,Puff,Binnell,pbinnellkj@smugmug.com,Male,36.202.148.133,Volkswagen,2002
741,Cory,Mollin,cmollinkk@discuz.net,Male,77.155.139.158,Chevrolet,1999
742,Jess,Hurrell,jhurrellkl@time.com,Male,73.216.80.129,Mercedes-Benz,2000
743,Malorie,Badam,mbadamkm@mit.edu,Female,96.173.172.208,Dodge,1995
744,Vince,Gibb,vgibbkn@symantec.com,Genderqueer,213.149.103.54,Mercury,1997
745,Golda,Peregrine,gperegrineko@github.com,Female,248.22.245.121,Toyota,2000
746,Ashely,Baitman,abaitmankp@jugem.jp,Female,48.3.49.134,Volvo,2010
747,Emory,Itter,eitterkq@printfriendly.com,Genderqueer,100.54.52.83,Tesla,2010
748,George,Mellows,gmellowskr@gov.uk,Female,189.146.77.62,Honda,1997
749,Pincas,Birkin,pbirkinks@dailymotion.com,Male,175.211.123.244,Mercedes-Benz,1987
750,Patten,Warlow,pwarlowkt@fda.gov,Male,29.178.232.9,Ford,1992
751,Jenni,Dolder,jdolderku@bizjournals.com,Female,56.133.202.195,Nissan,2011
752,Gasparo,Jeandel,gjeandelkv@usa.gov,Male,134.66.119.20,BMW,2004
753,Lynn,Marchington,lmarchingtonkw@google.es,Female,110.102.115.1,Suzuki,2007
754,Eda,Reddish,ereddishkx@examiner.com,Female,255.9.131.8,Subaru,1986
755,Gilbert,Joris,gjorisky@intel.com,Male,251.3.203.114,MINI,2012
756,Rodi,Davidovicz,rdavidoviczkz@flickr.com,Female,99.199.254.9,Chevrolet,1999
757,Simon,Sidle,ssidlel0@cam.ac.uk,Male,175.11.166.66,Kia,2009
758,Rufe,Piatti,rpiattil1@ftc.gov,Male,188.69.31.162,Audi,1997
759,Nikolai,Ives,nivesl2@tinyurl.com,Male,105.171.80.61,Buick,1993
760,Gareth,Ambrosi,gambrosil3@prnewswire.com,Male,109.108.206.121,Smart,2009
761,Mab,Raraty,mraratyl4@nifty.com,Female,139.107.134.109,Chevrolet,1977
762,Caryl,Keniwell,ckeniwelll5@virginia.edu,Female,73.48.81.114,Chrysler,1996
763,Tara,Mowle,tmowlel6@blogs.com,Bigender,164.112.24.224,Dodge,1995
764,Hewie,Trevain,htrevainl7@parallels.com,Male,228.132.1.8,Mazda,1997
765,Beniamino,Stockey,bstockeyl8@last.fm,Male,55.189.78.33,Honda,2003
766,Cooper,Mayman,cmaymanl9@w3.org,Male,221.159.17.118,Scion,2005
767,Dixie,Phittiplace,dphittiplacela@dropbox.com,Female,26.185.132.32,Mitsubishi,1991
768,Gwendolin,Aikman,gaikmanlb@sakura.ne.jp,Female,118.245.10.209,BMW,2011
769,Angelle,Hunston,ahunstonlc@kickstarter.com,Female,250.251.251.147,BMW,2002
770,Kaine,Judd,kjuddld@posterous.com,Male,174.105.38.82,Hummer,2007
771,Ned,Galvin,ngalvinle@jigsy.com,Male,204.103.180.125,Mazda,2002
772,Dix,Gon,dgonlf@canalblog.com,Female,34.11.108.189,Toyota,1998
773,Fonz,Dudley,fdudleylg@arstechnica.com,Male,151.207.144.107,Suzuki,1996
774,Tiena,Del Castello,tdelcastellolh@ezinearticles.com,Female,23.1.16.130,Chevrolet,1984
775,Myrtice,Meir,mmeirli@eventbrite.com,Female,253.243.253.74,Oldsmobile,1992
776,Darcy,Lukasen,dlukasenlj@typepad.com,Female,176.210.90.17,Pontiac,2005
777,Valery,Piel,vpiellk@intel.com,Female,98.30.185.107,Audi,1999
778,Reagan,Poznan,rpoznanll@cyberchimps.com,Male,23.166.219.19,Mazda,1991
779,Rollin,Nelissen,rnelissenlm@bigcartel.com,Polygender,98.196.213.199,Toyota,2009
780,Lurlene,Rotherforth,lrotherforthln@51.la,Female,9.90.140.78,Porsche,2011
781,Celisse,Vosse,cvosselo@kickstarter.com,Polygender,86.132.103.185,Volkswagen,2010
782,Kippie,Konzel,kkonzellp@mtv.com,Female,252.115.42.91,Mitsubishi,1989
783,Pascal,Cockshoot,pcockshootlq@jugem.jp,Male,94.1.96.38,Lincoln,1989
784,Ilyse,Checchetelli,ichecchetellilr@blogger.com,Female,50.45.161.205,Mercedes-Benz,2006
785,Lyndsie,Breit,lbreitls@ow.ly,Polygender,241.70.144.10,Oldsmobile,1999
786,Dalston,De Bischof,ddebischoflt@sakura.ne.jp,Male,220.83.232.14,Mitsubishi,1989
787,Marcelo,Shelmerdine,mshelmerdinelu@cpanel.net,Male,58.119.166.215,MINI,2012
788,Daloris,Cerie,dcerielv@google.co.uk,Female,247.185.131.26,Volvo,2010
789,Sidnee,Archibold,sarchiboldlw@cnbc.com,Male,22.155.110.47,Mazda,2002
790,Craggy,Drinkhall,cdrinkhalllx@privacy.gov.au,Male,217.196.166.41,Maserati,2009
791,Marvin,Lambole,mlambolely@icio.us,Male,36.86.72.7,Mercury,1988
792,Forrest,Billyard,fbillyardlz@howstuffworks.com,Male,107.108.162.139,Mitsubishi,1984
793,Rodrigo,Stenson,rstensonm0@dropbox.com,Male,246.112.142.89,Porsche,2011
794,Hall,Ramiro,hramirom1@posterous.com,Bigender,181.101.119.247,Nissan,2002
795,Matthieu,Arnely,marnelym2@ask.com,Male,0.80.188.203,Oldsmobile,1993
796,Carmela,Bewick,cbewickm3@creativecommons.org,Female,134.133.1.147,Volkswagen,1995
797,Norah,Blazevic,nblazevicm4@lycos.com,Agender,190.199.216.122,Mazda,2005
798,Tim,Shorrock,tshorrockm5@umich.edu,Female,105.79.130.130,GMC,1994
799,Kandy,Bruinsma,kbruinsmam6@google.com.br,Genderqueer,24.196.125.9,Hyundai,2005
800,Cirilo,Ketchaside,cketchasidem7@mediafire.com,Male,65.118.105.95,Ford,2012
801,Mayer,Wippermann,mwippermannm8@friendfeed.com,Male,43.18.205.159,Audi,2007
802,Giustino,Yo,gyom9@tripod.com,Male,246.22.166.254,Hyundai,2009
803,Charo,Deftie,cdeftiema@is.gd,Female,25.224.58.3,Ford,2006
804,Fidel,Curro,fcurromb@time.com,Male,7.200.143.75,Mitsubishi,1997
805,Nikolaos,Wheelhouse,nwheelhousemc@addthis.com,Male,206.44.84.250,Ford,1998
806,Renado,Cody,rcodymd@themeforest.net,Male,120.104.162.27,GMC,2010
807,Alexio,Cowdery,acowderyme@timesonline.co.uk,Genderfluid,198.83.180.199,Mercedes-Benz,1988
808,Carr,Renvoys,crenvoysmf@prweb.com,Male,141.17.91.93,Audi,2009
809,Elnar,Moneypenny,emoneypennymg@comcast.net,Male,4.99.86.83,Toyota,2008
810,Silvester,Popplestone,spopplestonemh@ox.ac.uk,Male,24.53.7.251,Saturn,2010
811,Debbie,Moraleda,dmoraledami@angelfire.com,Female,99.142.112.139,Mazda,2003
812,Monah,Treker,mtrekermj@opensource.org,Female,48.106.162.201,Dodge,1969
813,Karlene,Windows,kwindowsmk@hibu.com,Female,42.61.52.64,Toyota,2002
814,Lina,Hardingham,lhardinghamml@java.com,Female,158.194.254.139,Honda,2003
815,Tomasine,Sandeman,tsandemanmm@ihg.com,Female,209.183.219.32,Lexus,2004
816,Missy,Mohan,mmohanmn@xinhuanet.com,Female,244.216.235.111,Cadillac,2009
817,Tammy,Leworthy,tleworthymo@wsj.com,Male,65.87.37.217,Cadillac,1999
818,Angus,Comino,acominomp@mashable.com,Male,137.139.7.153,Dodge,1994
819,Dionis,Hallgalley,dhallgalleymq@slate.com,Female,209.86.26.139,Dodge,1984
820,Irma,Tottie,itottiemr@blogger.com,Female,255.253.168.42,Land Rover,2003
821,Symon,Duggen,sduggenms@php.net,Male,250.120.100.81,Subaru,1992
822,Erin,Giacopello,egiacopellomt@qq.com,Genderfluid,192.121.245.14,BMW,2002
823,Gertruda,Picken,gpickenmu@archive.org,Female,24.208.64.85,Volkswagen,1990
824,Michaela,Paulack,mpaulackmv@biblegateway.com,Female,186.180.193.199,Lexus,2003
825,Anna-maria,Roos,aroosmw@shinystat.com,Genderfluid,31.154.150.59,Ford,1909
826,Friedrick,Argrave,fargravemx@independent.co.uk,Male,191.165.95.128,Chrysler,2004
827,Hyacintha,Carden,hcardenmy@hibu.com,Female,167.118.146.149,Hummer,2006
828,Marley,Searchfield,msearchfieldmz@sun.com,Polygender,15.32.137.128,Mazda,1997
829,Erena,Summerscales,esummerscalesn0@taobao.com,Female,171.132.32.114,Acura,2004
830,Kristine,Hellen,khellenn1@icio.us,Female,124.165.225.2,Audi,1995
831,Thedric,Jacklin,tjacklinn2@slideshare.net,Male,106.179.94.165,Jaguar,1994
832,Genia,Ilson,gilsonn3@uol.com.br,Female,136.178.205.185,Lincoln,1989
833,Lovell,Doel,ldoeln4@chronoengine.com,Male,165.39.243.101,Toyota,2006
834,Hayward,Chalice,hchalicen5@hubpages.com,Male,130.70.0.2,Hyundai,1993
835,Nolly,Fackney,nfackneyn6@nbcnews.com,Male,209.90.51.236,Porsche,2013
836,Coraline,Radmore,cradmoren7@deviantart.com,Polygender,169.97.26.8,Audi,2009
837,Clementia,Yven,cyvenn8@live.com,Female,131.184.234.88,Geo,1994
838,Stefan,Buxsy,sbuxsyn9@purevolume.com,Male,170.96.4.6,Mercedes-Benz,1994
839,Petunia,Dagless,pdaglessna@usda.gov,Female,78.2.197.190,Oldsmobile,1999
840,Rocky,McBayne,rmcbaynenb@phpbb.com,Male,129.61.177.133,Nissan,2010
841,Ive,Wyldish,iwyldishnc@admin.ch,Male,50.25.176.255,Nissan,2003
842,Zitella,Culverhouse,zculverhousend@telegraph.co.uk,Female,208.161.130.63,Lincoln,1989
843,Agosto,O'Lagene,aolagenene@discuz.net,Male,187.135.31.191,MINI,2011
844,Heda,Erdis,herdisnf@usnews.com,Female,28.76.15.121,Mitsubishi,1986
845,Mirilla,Gehrts,mgehrtsng@cloudflare.com,Female,232.89.61.213,Audi,2001
846,Yance,Kalisch,ykalischnh@webnode.com,Male,152.123.46.29,Volkswagen,1996
847,Jock,Riehm,jriehmni@g.co,Male,148.174.150.105,Volkswagen,2005
848,Ruprecht,Bartaletti,rbartalettinj@geocities.com,Male,11.199.4.252,Ford,2009
849,Skippy,Lepope,slepopenk@google.de,Male,40.117.76.237,Isuzu,1997
850,Kenny,Vanelli,kvanellinl@loc.gov,Male,61.132.218.71,GMC,2005
851,Marchall,Turneaux,mturneauxnm@washingtonpost.com,Male,11.56.62.45,Toyota,2009
852,Dar,Charsley,dcharsleynn@mashable.com,Male,252.73.231.91,Volvo,2002
853,Konrad,Colkett,kcolkettno@yellowpages.com,Male,180.223.163.51,Mitsubishi,1993
854,Abby,Bowser,abowsernp@businessinsider.com,Male,10.139.237.113,Infiniti,1995
855,Bar,Netting,bnettingnq@dot.gov,Male,236.1.60.204,Ferrari,2009
856,Adolpho,Tatteshall,atatteshallnr@sun.com,Genderqueer,151.182.78.248,Toyota,2012
857,Bram,Catterall,bcatterallns@cloudflare.com,Male,124.0.14.23,Chevrolet,1993
858,Allie,Ulyet,aulyetnt@sina.com.cn,Male,158.175.193.190,Mercury,1984
859,Khalil,Geipel,kgeipelnu@google.it,Agender,86.220.50.104,Isuzu,1999
860,Esme,Corser,ecorsernv@eepurl.com,Female,163.190.150.141,Dodge,2001
861,Trstram,Vedekhov,tvedekhovnw@fema.gov,Male,149.59.176.194,BMW,2011
862,Suzette,Heliet,shelietnx@msn.com,Female,77.205.154.177,GMC,2006
863,Tan,Dovydenas,tdovydenasny@ibm.com,Genderfluid,138.129.120.81,Mercedes-Benz,2003
864,Peadar,Griggs,pgriggsnz@surveymonkey.com,Male,8.247.249.170,Toyota,2013
865,Bianka,Polendine,bpolendineo0@mail.ru,Female,51.250.176.77,Mazda,2003
866,Dillon,Hurley,dhurleyo1@behance.net,Male,182.77.254.78,Isuzu,2003
867,Ronnica,Benard,rbenardo2@usgs.gov,Female,4.134.147.174,Chevrolet,1971
868,Lorant,Magenny,lmagennyo3@prweb.com,Male,39.174.77.237,Oldsmobile,1994
869,Lin,Mallall,lmallallo4@clickbank.net,Male,39.13.35.187,Dodge,1999
870,Staffard,Caws,scawso5@umich.edu,Male,93.28.179.202,Mercedes-Benz,2000
871,Donn,Wellstead,dwellsteado6@wikimedia.org,Male,127.51.178.150,Chevrolet,2000
872,Melinde,Tribbeck,mtribbecko7@unicef.org,Female,48.207.23.107,Ford,1994
873,Frank,Crummy,fcrummyo8@dailymail.co.uk,Female,53.113.250.13,Ford,2003
874,Catherin,Ayton,caytono9@artisteer.com,Female,170.83.167.101,Volvo,2006
875,Shanda,Bollard,sbollardoa@blogs.com,Female,142.10.152.61,Nissan,2003
876,Constantin,Hawton,chawtonob@smh.com.au,Male,149.131.86.223,Suzuki,2011
877,Gareth,Calderon,gcalderonoc@wikipedia.org,Male,168.170.241.148,Lexus,1996
878,Delano,Gamlyn,dgamlynod@businessinsider.com,Male,253.51.36.236,Mitsubishi,2003
879,Luce,Lanbertoni,llanbertonioe@list-manage.com,Male,28.92.135.101,Mitsubishi,1999
880,Colly,Austing,caustingof@cpanel.net,Female,68.3.188.220,Land Rover,1988
881,Selle,McKee,smckeeog@deliciousdays.com,Female,130.184.226.234,Mitsubishi,2006
882,Davy,Caldecutt,dcaldecuttoh@vistaprint.com,Male,59.180.15.191,Plymouth,1999
883,Sherman,Medwell,smedwelloi@latimes.com,Male,96.174.80.76,Chrysler,2000
884,Essie,Hundey,ehundeyoj@apache.org,Female,201.0.39.203,Ford,1998
885,King,Bockman,kbockmanok@lulu.com,Male,134.27.127.40,Lamborghini,2011
886,Bev,Foucher,bfoucherol@buzzfeed.com,Female,41.248.154.233,Mazda,1989
887,Tad,Singh,tsinghom@squarespace.com,Genderfluid,114.94.94.230,Ford,2008
888,Grata,Reap,greapon@skype.com,Female,100.93.188.64,Subaru,2012
889,Mil,Haversum,mhaversumoo@indiegogo.com,Female,251.233.50.127,MINI,2004
890,Manda,Gilhooly,mgilhoolyop@chicagotribune.com,Female,179.254.230.186,Chevrolet,2009
891,Carny,Blodgetts,cblodgettsoq@amazon.co.uk,Male,35.44.15.133,Eagle,1993
892,Leodora,Dragonette,ldragonetteor@yolasite.com,Female,184.100.67.48,Lexus,1996
893,Bradney,Piscopo,bpiscopoos@comsenz.com,Male,113.214.176.107,Pontiac,1999
894,Shelagh,Franchi,sfranchiot@economist.com,Female,153.212.216.2,Infiniti,1993
895,Grange,Keeping,gkeepingou@ifeng.com,Male,17.124.179.42,Cadillac,2006
896,Iorgo,Toma,itomaov@narod.ru,Male,171.109.128.239,Plymouth,1992
897,Webster,Lunge,wlungeow@time.com,Male,231.235.187.196,Honda,2008
898,Charmian,Pounsett,cpounsettox@eepurl.com,Female,230.67.197.7,Mazda,2013
899,Joelynn,Claw,jclawoy@google.nl,Female,130.77.42.58,Toyota,2001
900,Armand,Vanni,avannioz@usnews.com,Male,191.98.69.152,Chevrolet,1955
901,Jacinta,Hakonsen,jhakonsenp0@google.ru,Female,207.176.16.66,Honda,2008
902,Swen,Fauguel,sfauguelp1@ovh.net,Agender,81.176.155.184,Chevrolet,1998
903,Nessie,Wyrall,nwyrallp2@webeden.co.uk,Female,240.29.34.69,Chevrolet,1996
904,Forster,Walker,fwalkerp3@ted.com,Male,163.79.41.243,GMC,2002
905,Orelle,Pestridge,opestridgep4@dailymail.co.uk,Female,137.125.93.28,Porsche,1990
906,King,Jordanson,kjordansonp5@oracle.com,Male,196.72.134.161,Dodge,1976
907,Dara,Kulvear,dkulvearp6@addthis.com,Female,63.125.199.169,Mercedes-Benz,2011
908,Thorstein,Succamore,tsuccamorep7@rakuten.co.jp,Male,225.191.20.77,Acura,1993
909,Edvard,Courtier,ecourtierp8@flickr.com,Male,240.45.6.150,Pontiac,1978
910,Denys,Harniman,dharnimanp9@gizmodo.com,Male,183.208.240.225,Mercedes-Benz,1999
911,Rolf,Martusewicz,rmartusewiczpa@zimbio.com,Male,213.192.146.204,Acura,1996
912,Valentine,Pruce,vprucepb@yellowpages.com,Female,222.193.119.193,Honda,2002
913,Brigg,Dearlove,bdearlovepc@salon.com,Male,141.210.19.115,Land Rover,2012
914,Lusa,Dauby,ldaubypd@amazon.co.jp,Genderqueer,225.172.111.196,Ford,1995
915,Mick,Penwright,mpenwrightpe@mozilla.org,Genderfluid,72.175.111.156,Mazda,2010
916,Westleigh,Hadenton,whadentonpf@reference.com,Male,174.93.123.87,Porsche,2004
917,Anne,McLagan,amclaganpg@about.com,Female,21.183.130.187,Lincoln,2011
918,Brittne,Braunroth,bbraunrothph@de.vu,Female,87.172.20.116,Audi,2007
919,Johannes,Kirlin,jkirlinpi@jugem.jp,Male,175.248.77.89,Toyota,1998
920,Mil,Frascone,mfrasconepj@woothemes.com,Female,105.42.1.126,Mercury,1990
921,Durand,Deftie,ddeftiepk@usatoday.com,Male,247.79.0.46,Ford,2006
922,Erick,Temlett,etemlettpl@loc.gov,Male,169.219.191.124,Chrysler,2011
923,Sherm,Penny,spennypm@surveymonkey.com,Male,83.117.218.245,Ford,2011
924,Gwenneth,Damp,gdamppn@howstuffworks.com,Genderqueer,198.10.252.127,Acura,2010
925,Violet,Damiral,vdamiralpo@google.pl,Female,94.72.89.12,Mazda,1992
926,Kassey,Nollet,knolletpp@instagram.com,Female,46.30.222.83,Chevrolet,1995
927,Lorene,Gaythor,lgaythorpq@privacy.gov.au,Female,33.210.65.194,Pontiac,1992
928,Maureene,Beilby,mbeilbypr@seattletimes.com,Female,103.71.210.115,Ford,1991
929,Roby,Whittles,rwhittlesps@squidoo.com,Female,171.113.12.65,Volkswagen,1988
930,Bendicty,Alywen,balywenpt@ning.com,Bigender,125.170.124.53,Toyota,2002
931,Dael,Staresmeare,dstaresmearepu@oracle.com,Female,202.143.173.168,Land Rover,1991
932,Killie,Halworth,khalworthpv@bravesites.com,Male,189.24.124.144,Mazda,2002
933,Cathee,Grinikhin,cgrinikhinpw@qq.com,Female,142.93.186.54,Audi,2008
934,Courtney,Lyndon,clyndonpx@imdb.com,Male,72.92.113.208,Mercedes-Benz,1993
935,Benjamin,Coultard,bcoultardpy@squarespace.com,Male,95.222.68.180,Mitsubishi,2007
936,Aloisia,Antoinet,aantoinetpz@theglobeandmail.com,Female,194.132.125.199,Kia,2009
937,Essa,Downer,edownerq0@nifty.com,Female,196.202.64.13,Lexus,2010
938,Basile,Harburtson,bharburtsonq1@a8.net,Agender,43.114.144.239,Chevrolet,1992
939,Kile,Meeus,kmeeusq2@netvibes.com,Male,213.115.36.225,Ford,1970
940,Ogdon,Pearsall,opearsallq3@bbb.org,Male,245.38.34.97,Chevrolet,1988
941,Gaylord,Spire,gspireq4@fda.gov,Male,149.232.91.171,Foose,2007
942,Jasen,Leathers,jleathersq5@virginia.edu,Male,0.83.28.13,Dodge,1992
943,Piotr,Blasetti,pblasettiq6@artisteer.com,Male,109.33.247.212,Dodge,1981
944,Nisse,Robbert,nrobbertq7@mail.ru,Female,230.13.60.232,Ford,2004
945,Adriane,Huggard,ahuggardq8@xrea.com,Female,37.161.119.49,Lotus,2003
946,Claudianus,Saphin,csaphinq9@blogtalkradio.com,Male,151.253.108.149,Ford,2002
947,Lefty,Dan,ldanqa@marriott.com,Male,219.36.141.253,Ford,1989
948,Vidovik,Worsnip,vworsnipqb@tumblr.com,Male,119.106.121.104,Mitsubishi,1984
949,Colleen,Klement,cklementqc@blogtalkradio.com,Female,100.140.153.164,BMW,2000
950,Kendra,Horley,khorleyqd@t.co,Female,151.114.81.195,Infiniti,2012
951,Ursa,Reinbeck,ureinbeckqe@webnode.com,Female,7.161.41.157,Dodge,2000
952,Guy,Littrik,glittrikqf@arstechnica.com,Male,84.143.92.159,Bentley,2009
953,Dorice,Warbys,dwarbysqg@chicagotribune.com,Female,168.46.112.206,Lexus,2007
954,Jasper,Jahndel,jjahndelqh@bing.com,Male,167.92.252.80,Suzuki,2001
955,Arnold,Bracci,abracciqi@netvibes.com,Male,60.158.33.185,Mazda,2004
956,August,Hilbourne,ahilbourneqj@noaa.gov,Male,138.85.7.59,Mercedes-Benz,2009
957,Cornelius,de Bullion,cdebullionqk@sfgate.com,Male,157.142.61.188,Nissan,2011
958,Mallory,Bedome,mbedomeql@foxnews.com,Male,109.155.122.247,Mazda,2013
959,Hadley,Philipsohn,hphilipsohnqm@gnu.org,Male,110.167.173.132,Volkswagen,2011
960,Alfredo,Casado,acasadoqn@eventbrite.com,Male,38.255.65.82,GMC,2009
961,Cornelle,Nugent,cnugentqo@hp.com,Female,176.200.38.29,Mazda,1988
962,Franklyn,Cornilleau,fcornilleauqp@nymag.com,Bigender,243.46.38.190,Dodge,1996
963,Jeniece,De La Coste,jdelacosteqq@guardian.co.uk,Female,21.41.193.232,Ford,1996
964,Fernando,Farherty,ffarhertyqr@arizona.edu,Male,22.109.107.47,Dodge,2003
965,Tamiko,Lorne,tlorneqs@hud.gov,Female,182.97.142.92,Pontiac,2008
966,Eba,Sikorski,esikorskiqt@geocities.com,Female,17.99.196.213,Volkswagen,2002
967,Arturo,Lintill,alintillqu@t.co,Male,252.39.252.96,Nissan,2006
968,Cherlyn,Nusche,cnuscheqv@surveymonkey.com,Female,47.16.206.49,Dodge,2004
969,Devlin,Croyser,dcroyserqw@merriam-webster.com,Male,224.34.114.30,Subaru,1990
970,Katha,Karolovsky,kkarolovskyqx@multiply.com,Female,185.180.77.188,Suzuki,2006
971,Marmaduke,Pladen,mpladenqy@google.com.au,Male,62.18.107.234,Mazda,2008
972,Arlette,Hanaford,ahanafordqz@youtu.be,Female,156.130.47.157,Lotus,2012
973,Tod,Chinnick,tchinnickr0@yelp.com,Agender,87.110.119.116,Saturn,2005
974,Glori,Nanuccioi,gnanuccioir1@japanpost.jp,Female,93.244.193.209,GMC,2006
975,Melvyn,Addey,maddeyr2@redcross.org,Male,178.94.17.156,Saab,1993
976,Darline,Carrick,dcarrickr3@wisc.edu,Female,185.218.168.42,Pontiac,1991
977,Datha,Gaddes,dgaddesr4@sitemeter.com,Female,168.149.143.94,Toyota,2003
978,Genevieve,Bilham,gbilhamr5@istockphoto.com,Female,238.199.84.80,GMC,1998
979,Zaria,Coombes,zcoombesr6@is.gd,Female,20.217.185.220,Volkswagen,1999
980,Bessie,Willacot,bwillacotr7@buzzfeed.com,Female,122.168.99.49,Chrysler,1998
981,Abbot,Andrat,aandratr8@ca.gov,Male,45.44.21.216,Saab,1993
982,Ugo,Baitman,ubaitmanr9@blog.com,Male,195.211.92.218,BMW,1994
983,Minerva,Beldham,mbeldhamra@ameblo.jp,Female,156.98.203.250,Mercury,2010
984,Mortie,Ollcott,mollcottrb@t.co,Male,222.247.115.34,Maserati,2011
985,Malissa,Climo,mclimorc@europa.eu,Female,23.81.23.135,Toyota,1997
986,Benedicto,Epilet,bepiletrd@imageshack.us,Male,119.222.172.176,Buick,1997
987,Reiko,Viall,rviallre@dot.gov,Female,160.163.216.1,Mercury,1998
988,Patric,Casement,pcasementrf@newyorker.com,Male,75.139.235.196,Lexus,2009
989,Austin,Gleave,agleaverg@marketwatch.com,Female,144.154.55.151,Saab,1999
990,Rinaldo,Kynson,rkynsonrh@oaic.gov.au,Male,151.24.170.57,Mitsubishi,1990
991,Codi,Winston,cwinstonri@devhub.com,Female,156.182.96.193,Lexus,1990
992,Henrie,Douty,hdoutyrj@indiatimes.com,Female,58.193.143.207,Suzuki,1999
993,Bobette,Piolli,bpiollirk@unblog.fr,Female,2.147.169.250,Toyota,2000
994,Cazzie,Addams,caddamsrl@mayoclinic.com,Male,10.132.56.124,Chevrolet,1992
995,Daune,Dikles,ddiklesrm@lycos.com,Genderfluid,95.243.200.255,Toyota,2004
996,Milo,Bello,mbellorn@friendfeed.com,Bigender,238.183.65.57,Bentley,2009
997,Curry,Lukasik,clukasikro@opensource.org,Male,229.131.88.44,Nissan,1992
998,Jacquelyn,Brothwood,jbrothwoodrp@123-reg.co.uk,Bigender,39.173.192.188,Dodge,1994
999,Eddie,Prettejohns,eprettejohnsrq@un.org,Male,180.47.206.79,GMC,2004
1000,Sarena,Markel,smarkelrr@mac.com,Female,209.154.217.179,Mazda,2005
